index,split
1036,train
2205,train
1173,train
1402,train
507,train
1293,train
596,train
275,train
788,train
2247,train
360,train
1953,train
786,train
1151,train
2353,train
457,train
1752,train
727,train
1422,train
1558,train
1393,train
2259,train
286,train
1706,train
406,train
2036,train
163,train
1577,train
719,train
423,train
1992,train
1658,train
1018,train
1765,train
679,train
65,train
1480,train
1047,train
759,train
2110,train
230,train
1420,train
856,train
1800,train
1364,train
1681,train
1746,train
374,train
617,train
1378,train
1221,train
297,train
1330,train
99,train
1719,train
2200,train
529,train
1116,train
1991,train
2105,train
185,train
1596,train
2380,train
1837,train
787,train
511,train
649,train
1490,train
2262,train
1000,train
1406,train
693,train
1187,train
707,train
2180,train
23,train
1001,train
845,train
1629,train
2287,train
1547,train
1795,train
1939,train
1990,train
311,train
351,train
548,train
306,train
287,train
668,train
2082,train
1255,train
808,train
2231,train
2256,train
1085,train
840,train
678,train
1177,train
1194,train
13,train
1269,train
514,train
409,train
949,train
313,train
1690,train
1709,train
1456,train
695,train
1508,train
382,train
2305,train
1461,train
2168,train
1449,train
1091,train
263,train
2359,train
2177,train
2294,train
785,train
940,train
2275,train
8,train
316,train
304,train
427,train
105,train
1347,train
121,train
1401,train
636,train
1189,train
1601,train
115,train
1395,train
1867,train
2234,train
2183,train
1313,train
1475,train
1971,train
591,train
1441,train
1610,train
2025,train
2228,train
552,train
87,train
2312,train
2311,train
1455,train
1857,train
2316,train
1694,train
543,train
1866,train
2125,train
494,train
891,train
2165,train
2156,train
961,train
71,train
63,train
838,train
1623,train
2181,train
1241,train
1247,train
500,train
1301,train
1379,train
1804,train
1370,train
205,train
2391,train
1538,train
557,train
377,train
535,train
819,train
685,train
198,train
561,train
1830,train
590,train
519,train
308,train
1934,train
2063,train
1523,train
59,train
1552,train
694,train
207,train
1828,train
2340,train
1121,train
162,train
1178,train
990,train
1058,train
256,train
506,train
1772,train
2008,train
2383,train
817,train
2054,train
20,train
1266,train
1827,train
381,train
538,train
1125,train
1836,train
83,train
1586,train
1084,train
1146,train
1609,train
270,train
1043,train
1831,train
979,train
874,train
988,train
2366,train
429,train
1338,train
2102,train
2113,train
458,train
78,train
2157,train
32,train
1234,train
2029,train
2150,train
380,train
226,train
1268,train
715,train
1198,train
686,train
2032,train
1368,train
305,train
209,train
859,train
1502,train
2373,train
942,train
1541,train
1620,train
1232,train
2037,train
1627,train
930,train
2354,train
483,train
1572,train
277,train
829,train
221,train
1739,train
571,train
411,train
1192,train
1599,train
585,train
1090,train
1216,train
2387,train
1411,train
674,train
1433,train
447,train
790,train
2051,train
1553,train
2132,train
1466,train
1405,train
792,train
45,train
2098,train
821,train
294,train
1349,train
588,train
1869,train
1973,train
2050,train
1677,train
2001,train
931,train
436,train
1304,train
1546,train
393,train
974,train
534,train
30,train
1642,train
798,train
746,train
1578,train
2053,train
1161,train
2197,train
1911,train
2121,train
1273,train
906,train
1780,train
344,train
556,train
1452,train
2302,train
680,train
1513,train
900,train
352,train
91,train
1094,train
1975,train
1846,train
1315,train
261,train
1320,train
748,train
1761,train
1779,train
567,train
1968,train
1711,train
2026,train
981,train
952,train
1672,train
300,train
841,train
1185,train
2075,train
2270,train
1083,train
315,train
1896,train
453,train
601,train
175,train
965,train
1170,train
37,train
123,train
1674,train
394,train
1133,train
2058,train
39,train
462,train
1666,train
1251,train
331,train
1598,train
194,train
2250,train
2276,train
634,train
322,train
1928,train
266,train
1798,train
1996,train
579,train
1385,train
1356,train
2319,train
963,train
1702,train
1970,train
2071,train
1977,train
1344,train
907,train
849,train
1394,train
2309,train
1005,train
572,train
2299,train
2094,train
2388,train
1381,train
1429,train
1822,train
1175,train
53,train
772,train
1316,train
2073,train
2224,train
505,train
752,train
1731,train
2248,train
1089,train
1518,train
1041,train
365,train
1727,train
1435,train
1861,train
309,train
1245,train
2028,train
2209,train
583,train
570,train
771,train
2239,train
1029,train
152,train
2141,train
1556,train
1885,train
1742,train
941,train
1285,train
318,train
2018,train
1736,train
1034,train
1963,train
1055,train
993,train
1075,train
1404,train
343,train
888,train
1044,train
398,train
584,train
704,train
2003,train
1427,train
292,train
1673,train
1302,train
1199,train
1377,train
141,train
2087,train
2,train
1898,train
576,train
1615,train
339,train
358,train
1027,train
925,train
265,train
376,train
1521,train
1321,train
439,train
271,train
2019,train
1457,train
244,train
1380,train
1014,train
2240,train
1745,train
986,train
1855,train
1933,train
607,train
415,train
273,train
1281,train
780,train
1753,train
250,train
413,train
1864,train
1820,train
1662,train
310,train
2381,train
893,train
1050,train
425,train
2321,train
15,train
2162,train
721,train
2285,train
2099,train
348,train
1918,train
1972,train
1270,train
526,train
1788,train
363,train
1258,train
182,train
985,train
1825,train
170,train
2020,train
2269,train
1815,train
812,train
187,train
619,train
2362,train
151,train
158,train
2044,train
272,train
614,train
489,train
1171,train
1355,train
994,train
2202,train
371,train
1607,train
222,train
593,train
476,train
1938,train
1665,train
497,train
839,train
687,train
1854,train
136,train
518,train
628,train
334,train
1493,train
2040,train
1087,train
1612,train
710,train
1179,train
1303,train
2201,train
465,train
1226,train
2367,train
1675,train
2057,train
2060,train
1309,train
1946,train
2192,train
1056,train
1960,train
816,train
274,train
1532,train
865,train
101,train
1391,train
107,train
2382,train
1228,train
1105,train
2031,train
1545,train
2313,train
2265,train
712,train
72,train
1932,train
2303,train
481,train
1497,train
1512,train
1833,train
2035,train
405,train
757,train
1229,train
1459,train
1176,train
2077,train
743,train
806,train
2211,train
1714,train
2392,train
148,train
1163,train
1477,train
692,train
818,train
1583,train
1916,train
1544,train
701,train
2120,train
921,train
905,train
1871,train
1340,train
1618,train
1110,train
167,train
730,train
1423,train
26,train
1211,train
1375,train
997,train
1040,train
1650,train
1131,train
2103,train
41,train
1659,train
1535,train
1242,train
1132,train
609,train
1813,train
1983,train
1927,train
1573,train
493,train
236,train
551,train
520,train
2243,train
720,train
1725,train
2117,train
58,train
631,train
2252,train
592,train
2145,train
939,train
2227,train
904,train
1762,train
2298,train
2033,train
1283,train
1729,train
706,train
1022,train
745,train
1652,train
1287,train
513,train
81,train
2124,train
914,train
2204,train
1641,train
150,train
774,train
329,train
6,train
943,train
2223,train
1868,train
909,train
468,train
181,train
164,train
451,train
490,train
1261,train
1143,train
2361,train
1111,train
1901,train
1386,train
1743,train
1336,train
1560,train
1689,train
327,train
442,train
1437,train
1372,train
832,train
1717,train
1181,train
86,train
2338,train
777,train
1351,train
54,train
2225,train
1517,train
1419,train
113,train
2242,train
987,train
1703,train
1468,train
1009,train
589,train
2266,train
17,train
1879,train
1850,train
285,train
428,train
1223,train
669,train
31,train
722,train
951,train
1591,train
214,train
1614,train
1164,train
326,train
560,train
1086,train
1653,train
341,train
147,train
2199,train
1107,train
1937,train
966,train
1072,train
155,train
2170,train
1446,train
1002,train
1667,train
1948,train
1670,train
2118,train
2346,train
1988,train
2194,train
2246,train
1259,train
1334,train
1613,train
2210,train
2149,train
938,train
2151,train
346,train
2215,train
2370,train
1279,train
385,train
1741,train
1472,train
243,train
1979,train
936,train
2055,train
312,train
2337,train
1376,train
968,train
660,train
935,train
370,train
566,train
2011,train
824,train
982,train
1793,train
2186,train
813,train
778,train
1052,train
1637,train
1013,train
1539,train
1902,train
1580,train
126,train
887,train
1839,train
1007,train
355,train
1003,train
682,train
827,train
2112,train
984,train
1233,train
2010,train
140,train
2005,train
2208,train
1487,train
2127,train
1692,train
1311,train
1995,train
711,train
1157,train
1944,train
871,train
1442,train
10,train
1962,train
1526,train
754,train
626,train
1557,train
129,train
843,train
323,train
1924,train
2257,train
1284,train
2320,train
14,train
1856,train
215,train
1462,train
1754,train
1182,train
2293,train
1410,train
864,train
516,train
597,train
195,train
2245,train
288,train
950,train
2175,train
1915,train
1120,train
549,train
156,train
419,train
922,train
1476,train
477,train
1447,train
1483,train
553,train
1202,train
390,train
578,train
2216,train
2349,train
2172,train
820,train
2291,train
1006,train
1248,train
1471,train
664,train
2123,train
142,train
2083,train
2279,train
421,train
799,train
615,train
1318,train
295,train
401,train
88,train
1845,train
2356,train
131,train
1418,train
2104,train
1951,train
2076,train
1812,train
724,train
1314,train
1594,train
269,train
1606,train
1888,train
917,train
1451,train
1319,train
2368,train
1832,train
1735,train
375,train
333,train
1616,train
2249,train
1118,train
910,train
776,train
1904,train
328,train
1342,train
320,train
1887,train
12,train
897,train
171,train
260,train
1684,train
1965,train
901,train
258,train
844,train
138,train
319,train
653,train
1713,train
2389,train
558,train
139,train
112,train
531,train
224,train
723,train
2222,train
2042,train
325,train
1323,train
1755,train
1514,train
714,train
846,train
193,train
573,train
946,train
503,train
1632,train
1621,train
645,train
3,train
2161,train
467,train
1345,train
5,train
2100,train
1909,train
547,train
228,train
1063,train
542,train
242,train
898,train
2116,train
1160,train
1655,train
1808,train
842,train
1373,train
1978,train
1611,train
276,train
661,train
1999,train
2258,train
2023,train
314,train
1343,train
1668,train
691,train
612,train
424,train
594,train
2371,train
1766,train
622,train
1945,train
1463,train
227,train
1561,train
1169,train
1847,train
1533,train
66,train
1912,train
24,train
1235,train
144,train
536,train
811,train
1563,train
85,train
1254,train
1886,train
1848,train
1645,train
1501,train
484,train
2133,train
2286,train
1907,train
2271,train
2357,train
362,train
749,train
1608,train
1026,train
1030,train
1688,train
1335,train
1880,train
1503,train
665,train
364,train
2107,train
1239,train
77,train
27,train
2004,train
525,train
725,train
55,train
638,train
302,train
718,train
1691,train
624,train
7,train
1280,train
803,train
1049,train
336,train
47,train
2355,train
106,train
349,train
1079,train
238,train
213,train
1144,train
1740,train
1647,train
793,train
1096,train
1640,train
1567,train
2130,train
345,train
523,train
232,train
644,train
2079,train
1428,train
533,train
2080,train
603,train
1489,train
2277,train
1426,train
1074,train
2115,train
60,train
1756,train
92,train
666,train
1550,train
2153,train
280,train
1789,train
359,train
1576,train
1543,train
1397,train
1628,train
847,train
1206,train
1914,train
110,train
42,train
125,train
204,train
1473,train
52,train
545,train
68,train
2344,train
1767,train
2106,train
1726,train
1424,train
183,train
137,train
899,train
796,train
132,train
80,train
2066,train
758,train
541,train
1019,train
1593,train
983,train
2138,train
165,train
248,train
1331,train
446,train
1602,train
858,train
1358,train
1744,train
97,train
1619,train
805,train
737,train
1748,train
1811,train
102,train
434,train
74,train
577,train
1669,train
1747,train
1230,train
918,train
1326,train
2218,train
2190,train
2152,train
762,train
989,train
388,train
235,train
2078,train
267,train
1329,train
1651,train
117,train
437,train
673,train
249,train
2024,train
1574,train
2390,train
94,train
2081,train
33,train
2039,train
2188,train
448,train
1469,train
716,train
2017,train
2084,train
0,train
1910,train
1101,train
1108,train
1701,train
82,train
1481,train
1790,train
676,train
1852,train
2021,train
1046,train
1460,train
770,train
2109,train
1778,train
517,train
822,train
404,train
384,train
2111,train
1859,train
104,train
1633,train
2284,train
688,train
1817,train
826,train
1240,train
62,train
1305,train
852,train
1878,train
1262,train
223,train
145,train
1088,train
373,train
1980,train
1142,train
2292,train
2072,train
1274,train
1265,train
2140,train
1764,train
9,train
449,train
708,train
255,train
882,train
1617,train
389,train
1826,train
2295,train
1581,train
908,train
924,train
751,train
2226,train
460,train
1763,train
1224,train
1168,train
958,train
501,train
739,train
40,train
868,train
731,train
539,train
1201,train
1339,train
697,train
1809,train
1936,train
1913,train
1371,train
1145,train
1031,train
372,train
667,train
1431,train
2092,train
357,train
967,train
783,train
735,train
1353,train
1035,train
970,train
470,train
655,train
2254,train
2232,train
1396,train
1536,train
2307,train
2090,train
1549,train
1328,train
1874,train
2070,train
1425,train
1464,train
1555,train
1984,train
1250,train
1699,train
1252,train
2376,train
2221,train
1236,train
885,train
79,train
1172,train
814,train
1994,train
671,train
2095,train
1949,train
57,train
133,train
1140,train
933,train
928,train
823,train
1432,train
1894,train
1531,train
1214,train
504,train
2365,train
347,train
386,train
1024,train
1384,train
894,train
828,train
2332,train
475,train
1683,train
2187,train
2043,train
2016,train
1940,train
652,train
172,train
1474,train
1149,train
38,train
1554,train
713,train
90,train
166,train
1205,train
875,train
1875,train
2195,train
2331,train
1093,train
1155,train
1324,train
2179,train
1350,train
510,train
1680,train
499,train
1882,train
1388,train
1519,train
1671,train
338,train
2173,train
1188,train
28,train
1540,train
1217,train
1840,train
794,train
945,train
1416,train
169,train
1961,train
1676,train
1197,train
1542,train
1253,train
1942,train
912,train
491,train
953,train
1097,train
1032,train
587,train
750,train
657,train
234,train
732,train
2386,train
1186,train
1156,train
2048,train
1987,train
2323,train
934,train
1209,train
1065,train
1716,train
108,train
1062,train
568,train
1167,train
1174,train
1588,train
1507,train
1492,train
890,train
947,train
1048,train
1876,train
1905,train
2015,train
884,train
143,train
2350,train
2097,train
850,train
1587,train
1407,train
734,train
717,train
2272,train
454,train
264,train
75,train
1256,train
444,train
395,train
2000,train
176,train
1042,train
2236,train
1947,train
1365,train
1917,train
595,train
61,train
1296,train
1821,train
872,train
866,train
216,train
278,train
1548,train
1718,train
1392,train
1803,train
36,train
2230,train
1213,train
662,train
1967,train
2280,train
2013,train
977,train
1571,train
1122,train
1712,train
738,train
191,train
919,train
456,train
1892,train
1417,train
675,train
760,train
2281,train
2159,train
728,train
2174,train
1399,train
412,train
1098,train
1516,train
1649,train
1524,train
825,train
2142,train
1926,train
616,train
114,train
417,train
2343,train
1625,train
969,train
604,train
2348,train
89,train
848,train
726,train
2347,train
753,train
498,train
1276,train
1921,train
1325,train
1630,train
11,train
396,train
284,train
2339,train
1066,train
1865,train
1191,train
1440,train
1600,train
1858,train
2238,train
2260,train
1450,train
690,train
2164,train
1952,train
1568,train
2322,train
2310,train
689,train
2052,train
1687,train
851,train
1498,train
159,train
895,train
496,train
257,train
1782,train
335,train
2326,train
1039,train
515,train
1348,train
1015,train
768,train
2244,train
441,train
2064,train
761,train
1929,train
1246,train
1203,train
2045,train
1123,train
1860,train
1781,train
521,train
1785,train
22,train
356,train
2306,train
1277,train
1312,train
1635,train
550,train
340,train
431,train
473,train
217,train
911,train
1227,train
2137,train
1011,train
957,train
1773,train
93,train
1008,train
1070,train
1092,train
2131,train
1997,train
1308,train
696,train
1109,train
996,train
1458,train
1679,train
153,train
1099,train
2206,train
246,train
2393,train
789,train
580,train
1470,train
703,train
2022,train
1212,train
1295,train
896,train
1908,train
1260,train
487,train
1624,train
559,train
1141,train
2229,train
1119,train
801,train
1774,train
512,train
633,train
2059,train
1664,train
1012,train
1931,train
1150,train
2241,train
116,train
740,train
2207,train
1974,train
1081,train
1810,train
830,train
119,train
656,train
2304,train
2297,train
2342,train
635,train
369,train
268,train
46,train
991,train
876,train
773,train
1219,train
1126,train
4,train
1595,train
1077,train
837,train
681,train
1715,train
1148,train
574,train
50,train
853,train
1982,train
1823,train
833,train
1115,train
1166,train
1906,train
971,train
399,train
19,train
684,train
35,train
2263,train
524,train
920,train
1841,train
1890,train
537,train
1705,train
2341,train
245,train
784,train
1409,train
154,train
1686,train
625,train
2296,train
1346,train
569,train
1758,train
1816,train
2065,train
127,train
2375,train
2006,train
980,train
190,train
1139,train
992,train
699,train
606,train
180,train
301,train
1060,train
2255,train
1069,train
1243,train
16,train
2378,train
546,train
658,train
2158,train
2185,train
1504,train
959,train
797,train
225,train
2074,train
1799,train
2364,train
2085,train
1693,train
1045,train
469,train
954,train
2374,train
639,train
2219,train
1218,train
1158,train
1415,train
2167,train
1527,train
2333,train
1300,train
2290,train
1603,train
160,train
1704,train
956,train
2329,train
877,train
1919,train
1884,train
98,train
2261,train
253,train
103,train
1445,train
1443,train
1648,train
586,train
627,train
1696,train
2101,train
403,train
1154,train
1682,train
2056,train
2274,train
452,train
1327,train
2049,train
880,train
2330,train
623,train
2358,train
1787,train
262,train
1634,train
1438,train
1969,train
1802,train
640,train
2325,train
1959,train
488,train
1843,train
1734,train
146,train
1534,train
1986,train
1369,train
2345,train
659,train
1794,train
186,train
1147,train
608,train
2191,train
1930,train
197,train
293,train
766,train
400,train
122,train
202,train
835,train
1439,train
1733,train
1695,train
1707,train
2327,train
1153,train
1661,train
1759,train
854,train
1589,train
641,train
1,train
2160,train
698,train
1636,train
1291,train
2282,train
1520,train
1853,train
1136,train
2314,train
1631,train
1998,train
663,train
683,train
1257,train
317,train
648,train
1434,train
1479,train
709,train
1282,train
1768,train
972,train
1306,train
1400,train
1408,train
2237,train
1496,train
2038,train
1529,train
1663,train
1354,train
2336,train
2352,train
1643,train
1051,train
795,train
1597,train
1819,train
1722,train
1183,train
1059,train
540,train
1678,train
1757,train
1923,train
95,train
1020,train
563,train
863,train
1484,train
1881,train
1038,train
206,train
392,train
870,train
397,train
2372,train
1028,train
1485,train
960,train
1570,train
1895,train
2146,train
804,train
1751,train
502,train
779,train
1863,train
200,train
2182,train
2088,train
2278,train
1796,train
378,train
418,train
1698,train
391,train
1522,train
1162,train
1495,train
2027,train
1152,train
1367,train
64,train
2062,train
1180,train
492,train
379,train
2235,train
763,train
2264,train
791,train
1076,train
878,train
337,train
1016,train
1275,train
455,train
815,train
2317,train
995,train
1981,train
201,train
161,train
1579,train
702,train
1500,train
1129,train
1021,train
1585,train
1955,train
2253,train
34,train
775,train
1478,train
1390,train
2139,train
1363,train
2041,train
241,train
2061,train
600,train
1297,train
2214,train
2068,train
646,train
1528,train
1267,train
1899,train
562,train
189,train
1806,train
975,train
2047,train
1082,train
474,train
747,train
2300,train
21,train
459,train
1184,train
2324,train
955,train
1215,train
1515,train
769,train
1685,train
130,train
2135,train
1482,train
330,train
1238,train
466,train
2169,train
1638,train
1095,train
1130,train
1294,train
860,train
443,test
196,test
1505,test
1956,test
2091,test
321,test
2377,test
1644,test
1383,test
2155,test
630,test
1604,test
1559,test
736,test
613,test
433,test
2030,test
471,test
1244,test
1784,test
1159,test
1564,test
2315,test
134,test
1646,test
756,test
1925,test
2251,test
1421,test
1193,test
1360,test
1590,test
342,test
259,test
598,test
1537,test
353,test
1525,test
2136,test
1760,test
1922,test
1114,test
254,test
926,test
782,test
1102,test
2233,test
472,test
1023,test
1104,test
913,test
229,test
2268,test
56,test
1783,test
1720,test
1165,test
2384,test
530,test
2108,test
2148,test
1106,test
879,test
916,test
2114,test
582,test
1263,test
1289,test
654,test
179,test
111,test
1398,test
2012,test
1509,test
1299,test
2379,test
2363,test
733,test
1204,test
495,test
1958,test
1838,test
1138,test
764,test
932,test
1292,test
44,test
100,test
478,test
239,test
637,test
2034,test
1033,test
1708,test
1307,test
767,test
2360,test
1272,test
2203,test
282,test
1124,test
1190,test
1569,test
1966,test
1889,test
1491,test
173,test
700,test
1117,test
1080,test
1791,test
611,test
948,test
1660,test
581,test
742,test
1842,test
642,test
188,test
1387,test
1993,test
1374,test
575,test
2196,test
1237,test
976,test
903,test
1877,test
509,test
855,test
765,test
1976,test
1771,test
435,test
1322,test
1957,test
729,test
1710,test
2369,test
998,test
1288,test
1989,test
2067,test
1770,test
1430,test
1700,test
705,test
445,test
1582,test
218,test
2198,test
508,test
1071,test
1738,test
2046,test
354,test
1941,test
440,test
1357,test
2288,test
1004,test
29,test
2301,test
1622,test
199,test
923,test
1271,test
1814,test
1656,test
1506,test
1897,test
599,test
2143,test
211,test
1412,test
1920,test
1835,test
237,test
869,test
432,test
1067,test
1639,test
2171,test
1298,test
1389,test
464,test
69,test
2220,test
1454,test
1057,test
367,test
999,test
247,test
96,test
279,test
1465,test
810,test
1200,test
210,test
1797,test
883,test
1900,test
1510,test
1100,test
554,test
1849,test
1010,test
252,test
892,test
1448,test
1053,test
1467,test
2134,test
332,test
1807,test
1721,test
480,test
296,test
755,test
430,test
1732,test
1361,test
1061,test
1575,test
1362,test
862,test
1286,test
802,test
1366,test
1054,test
744,test
1352,test
149,test
208,test
1078,test
2093,test
1893,test
2129,test
1196,test
978,test
544,test
741,test
414,test
438,test
2009,test
1605,test
251,test
1775,test
1657,test
407,test
350,test
1249,test
1792,test
672,test
532,test
831,test
1073,test
49,test
67,test
1207,test
48,test
2176,test
565,test
643,test
2189,test
124,test
1829,test
1805,test
1453,test
1134,test
944,test
629,test
1017,test
1943,test
2328,test
1413,test
1414,test
1499,test
1137,test
2096,test
240,test
70,test
1068,test
800,test
73,test
1444,test
2193,test
1436,test
2308,test
1750,test
527,test
929,test
157,test
2351,test
1862,test
650,test
422,test
1486,test
1818,test
408,test
1113,test
51,test
402,test
2147,test
962,test
1954,test
2119,test
1264,test
1749,test
291,test
1551,test
836,test
857,test
781,test
1210,test
1724,test
387,test
1562,test
677,test
1310,test
299,test
1777,test
416,test
2086,test
1112,test
670,test
2128,test
220,test
1723,test
522,test
463,test
2184,test
84,test
2283,test
1872,test
1064,test
109,test
1127,test
1985,test
290,test
1488,test
1135,test
2089,test
1776,test
1220,test
1530,test
1025,test
2318,test
2213,test
212,test
867,test
621,test
647,test
410,test
2385,test
1332,test
1891,test
1935,test
18,test
361,test
1359,test
632,test
2335,test
2163,test
555,test
76,test
964,test
479,test
2069,test
1851,test
1592,test
168,test
1964,test
602,test
1222,test
1870,test
219,test
610,test
2289,test
1950,test
303,test
1566,test
1103,test
937,test
1225,test
2154,test
1565,test
1382,test
2334,test
834,test
1873,test
368,test
231,test
1341,test
135,test
25,test
881,test
1278,test
886,test
450,test
1728,test
192,test
289,test
1697,test
620,test
2267,test
2273,test
564,test
1844,test
485,test
128,test
2002,test
1511,test
1834,test
915,test
233,test
807,test
307,test
1769,test
2007,test
383,test
2212,test
1128,test
2217,test
651,test
177,test
426,test
1626,test
1584,test
2166,test
184,test
1494,test
1883,test
1801,test
1786,test
298,test
461,test
809,test
618,test
2126,test
486,test
1195,test
1730,test
178,test
1903,test
324,test
2144,test
1231,test
1337,test
927,test
118,test
482,test
2122,test
281,test
873,test
1037,test
1654,test
528,test
1317,test
1333,test
1208,test
2014,test
973,test
2178,test
1403,test
366,test
1737,test
902,test
43,test
861,test
605,test
1290,test
203,test
174,test
420,test
889,test
120,test
283,test
1824,test
