filename,original_width,original_height,mean_brightness,std_contrast,median_intensity,min_intensity,max_intensity,dark_pixel_ratio,bright_pixel_ratio,intensity_iqr,edge_count,edge_density,label
IMG_20180513_164959951_HDR resized_448.jpg,448,448,122.09564208984375,25.438692092895508,120.0,43.0,241.0,0.00042724609375,0.00262451171875,33.0,5870,0.3582763671875,1
IMG_20180513_165129852_HDR resized_448.jpg,448,448,131.82269287109375,20.022918701171875,133.0,31.0,223.0,0.00140380859375,0.00103759765625,23.0,5303,0.32366943359375,1
IMG_20180513_165150613_HDR resized_448.jpg,448,448,121.17431640625,24.454477310180664,120.0,10.0,224.0,0.0064697265625,0.00201416015625,25.0,4744,0.28955078125,1
IMG_20180513_165345878_HDR resized_448.jpg,448,448,130.117431640625,19.904098510742188,131.0,37.0,250.0,0.00018310546875,0.00146484375,25.0,5834,0.3560791015625,1
IMG_20180513_165349788_HDR resized_448.jpg,448,448,131.08477783203125,20.110944747924805,132.0,40.0,249.0,0.00054931640625,0.00274658203125,23.0,5459,0.33319091796875,1
IMG_20180513_165353081_HDR resized_448.jpg,448,448,136.02996826171875,21.629676818847656,138.0,4.0,245.0,0.00518798828125,0.00384521484375,22.0,4927,0.30072021484375,1
IMG_20180513_165451567_HDR resized_448.jpg,448,448,129.53662109375,18.79668426513672,131.0,44.0,244.0,0.0001220703125,0.00433349609375,22.0,5074,0.3096923828125,1
IMG_20180513_165455803_HDR resized_448.jpg,448,448,123.3277587890625,18.08781623840332,125.0,36.0,249.0,0.00054931640625,0.00286865234375,22.0,5124,0.312744140625,1
IMG_20180513_165500303_HDR resized_448.jpg,448,448,125.1295166015625,16.532190322875977,127.0,40.0,247.0,0.0001220703125,0.00152587890625,20.0,4300,0.262451171875,1
IMG_20180513_165512488_HDR resized_448.jpg,448,448,128.964599609375,26.002443313598633,131.0,29.0,247.0,0.00299072265625,0.00311279296875,33.0,5496,0.33544921875,1
IMG_20180513_165515651_HDR resized_448.jpg,448,448,125.14459228515625,21.921649932861328,125.0,21.0,248.0,0.00091552734375,0.00146484375,24.0,5071,0.30950927734375,1
IMG_20180513_165521775_HDR resized_448.jpg,448,448,125.3011474609375,20.2775936126709,126.0,28.0,249.0,0.00091552734375,0.0010986328125,22.0,4294,0.2620849609375,1
IMG_20180513_165533492_HDR resized_448.jpg,448,448,126.38385009765625,18.621170043945312,128.0,35.0,245.0,0.00030517578125,0.00103759765625,22.0,4902,0.2991943359375,1
IMG_20180513_165538350_HDR resized_448.jpg,448,448,123.01202392578125,21.311128616333008,122.0,30.0,246.0,0.0010986328125,0.00238037109375,24.0,5138,0.3135986328125,1
IMG_20180513_165547907_HDR resized_448.jpg,448,448,120.40863037109375,20.059297561645508,119.0,35.0,245.0,0.000244140625,0.00091552734375,25.0,3234,0.1973876953125,1
IMG_20180513_165706718_HDR resized_448.jpg,448,448,129.142333984375,19.733795166015625,131.0,37.0,242.0,0.0003662109375,0.00146484375,25.0,5566,0.3397216796875,1
IMG_20180513_165710583_HDR resized_448.jpg,448,448,129.98388671875,21.461503982543945,132.0,21.0,250.0,0.00225830078125,0.0010986328125,27.0,5438,0.3319091796875,1
IMG_20180513_165717627_HDR resized_448.jpg,448,448,123.3563232421875,19.33371925354004,122.0,40.0,252.0,0.00018310546875,0.005126953125,21.0,3229,0.19708251953125,1
IMG_20180513_165733359_HDR resized_448.jpg,448,448,126.54803466796875,18.59950065612793,127.0,40.0,244.0,0.0001220703125,0.0010986328125,24.0,4873,0.29742431640625,1
IMG_20180513_165741688_HDR resized_448.jpg,448,448,124.89422607421875,18.470163345336914,125.0,38.0,235.0,0.0006103515625,0.00079345703125,24.0,4545,0.27740478515625,1
IMG_20180513_165749116_HDR resized_448.jpg,448,448,128.08526611328125,17.499887466430664,129.0,34.0,239.0,0.000244140625,0.00054931640625,24.0,3932,0.239990234375,1
IMG_20180513_170350654_HDR resized_448.jpg,448,448,129.50628662109375,16.0189266204834,132.0,27.0,228.0,0.00018310546875,0.00054931640625,19.0,4152,0.25341796875,1
IMG_20180513_170357440_HDR resized_448.jpg,448,448,130.93927001953125,15.30333423614502,134.0,45.0,227.0,0.0001220703125,0.00030517578125,18.0,2596,0.158447265625,1
IMG_20180513_170406108_HDR resized_448.jpg,448,448,125.6358642578125,18.08765983581543,128.0,24.0,248.0,0.00140380859375,0.00396728515625,21.0,2344,0.14306640625,1
IMG_20180513_170430826_HDR resized_448.jpg,448,448,126.40350341796875,13.879779815673828,126.0,55.0,245.0,0.0,0.0009765625,16.0,3631,0.22161865234375,1
IMG_20180513_170453882_HDR resized_448.jpg,448,448,115.22601318359375,15.317151069641113,115.0,56.0,242.0,0.0,0.0009765625,18.0,4084,0.249267578125,1
IMG_20180513_170500983_HDR resized_448.jpg,448,448,112.976806640625,14.539007186889648,113.0,46.0,236.0,0.0001220703125,0.00054931640625,16.0,3272,0.19970703125,1
IMG_20180513_170515937_HDR resized_448.jpg,448,448,116.37408447265625,14.880341529846191,117.0,58.0,245.0,0.0,0.0010986328125,19.0,4274,0.2608642578125,1
IMG_20180513_170526931_HDR resized_448.jpg,448,448,116.17510986328125,16.66703224182129,116.0,2.0,250.0,0.00244140625,0.00225830078125,16.0,3338,0.2037353515625,1
IMG_20180513_170535927_HDR resized_448.jpg,448,448,111.7574462890625,15.120636940002441,111.0,26.0,250.0,0.00128173828125,0.00177001953125,17.0,3867,0.23602294921875,1
IMG_20180513_170700279_HDR resized_448.jpg,448,448,118.21759033203125,16.181095123291016,118.0,53.0,234.0,0.0,0.00048828125,18.0,4556,0.278076171875,1
IMG_20180513_170710091_HDR resized_448.jpg,448,448,119.28265380859375,20.001815795898438,120.0,31.0,235.0,0.001953125,0.001220703125,23.0,5581,0.34063720703125,1
IMG_20180513_170718753_HDR resized_448.jpg,448,448,120.12628173828125,20.593961715698242,121.0,34.0,240.0,0.00128173828125,0.0006103515625,27.0,5785,0.35308837890625,1
IMG_20180513_170728853_HDR resized_448.jpg,448,448,119.8404541015625,17.438688278198242,120.0,22.0,233.0,0.00128173828125,0.00067138671875,20.0,4064,0.248046875,1
IMG_20180513_170746398_HDR resized_448.jpg,448,448,124.0682373046875,19.12035369873047,125.0,38.0,245.0,0.00091552734375,0.00048828125,23.0,4679,0.28558349609375,1
IMG_20180513_170844630_HDR resized_448.jpg,448,448,110.35406494140625,30.259353637695312,111.0,20.0,226.0,0.0137939453125,0.0009765625,44.0,6240,0.380859375,1
IMG_20180514_164920326_HDR resized_448.jpg,448,448,117.3096923828125,19.619108200073242,118.0,26.0,227.0,0.00140380859375,0.00054931640625,24.0,5207,0.31781005859375,1
IMG_20180514_164936208_HDR resized_448.jpg,448,448,125.21051025390625,25.838340759277344,126.0,23.0,240.0,0.0035400390625,0.00299072265625,35.0,5735,0.35003662109375,1
IMG_20180514_164944000_HDR resized_448.jpg,448,448,132.60137939453125,28.35747528076172,138.0,17.0,238.0,0.00830078125,0.0032958984375,31.0,5217,0.31842041015625,1
IMG_20180514_164949995_HDR resized_448.jpg,448,448,126.85394287109375,25.72743034362793,128.0,26.0,224.0,0.0037841796875,0.002197265625,34.25,4760,0.29052734375,1
IMG_20180514_164955695_HDR resized_448.jpg,448,448,122.77374267578125,30.895732879638672,126.0,5.0,248.0,0.01220703125,0.00927734375,42.0,5890,0.3594970703125,1
IMG_20180514_165008040_HDR resized_448.jpg,448,448,113.235107421875,22.299367904663086,114.0,13.0,252.0,0.00518798828125,0.00323486328125,25.0,5338,0.3258056640625,1
IMG_20180514_165031728_HDR resized_448.jpg,448,448,117.45751953125,24.42286491394043,117.0,27.0,236.0,0.00323486328125,0.00115966796875,33.0,6050,0.3692626953125,1
IMG_20180514_165039112_HDR resized_448.jpg,448,448,114.69635009765625,23.514732360839844,114.0,23.0,235.0,0.0028076171875,0.00225830078125,30.0,5879,0.35882568359375,1
IMG_20180514_165050302_HDR resized_448.jpg,448,448,126.33123779296875,27.54998207092285,128.0,8.0,252.0,0.0068359375,0.00390625,35.0,6140,0.374755859375,1
IMG_20180514_165115894_HDR resized_448.jpg,448,448,118.76690673828125,29.146461486816406,117.0,11.0,238.0,0.009033203125,0.0057373046875,37.0,5924,0.361572265625,1
IMG_20180514_165152754_HDR resized_448.jpg,448,448,122.8482666015625,23.96932029724121,124.0,23.0,239.0,0.003173828125,0.00115966796875,32.0,5458,0.3331298828125,1
IMG_20180514_165211442_HDR resized_448.jpg,448,448,126.4788818359375,29.74350929260254,127.0,16.0,235.0,0.0059814453125,0.00634765625,40.0,5920,0.361328125,1
IMG_20180514_165217078_HDR resized_448.jpg,448,448,124.76129150390625,27.449501037597656,126.0,5.0,250.0,0.00787353515625,0.003173828125,36.0,5973,0.36456298828125,1
IMG_20180514_165228668_HDR resized_448.jpg,448,448,136.730712890625,27.145597457885742,138.0,3.0,253.0,0.0086669921875,0.00994873046875,31.0,6097,0.37213134765625,1
IMG_20180514_165245540_HDR resized_448.jpg,448,448,132.09259033203125,25.427156448364258,133.0,15.0,247.0,0.00396728515625,0.00726318359375,30.0,6150,0.3753662109375,1
IMG_20180514_165251954_HDR resized_448.jpg,448,448,130.58514404296875,22.631025314331055,131.0,6.0,240.0,0.0042724609375,0.00384521484375,24.0,5659,0.34539794921875,1
IMG_20180514_165259100 resized_448.jpg,448,448,136.7017822265625,26.569435119628906,137.0,24.0,244.0,0.00189208984375,0.01385498046875,31.0,6082,0.3712158203125,1
IMG_20180514_165302026_HDR resized_448.jpg,448,448,130.1075439453125,23.774852752685547,130.0,22.0,236.0,0.003173828125,0.0042724609375,26.0,5956,0.363525390625,1
IMG_20180514_165307482_HDR resized_448.jpg,448,448,128.107421875,22.244354248046875,128.0,14.0,240.0,0.0013427734375,0.0025634765625,26.0,5928,0.36181640625,1
IMG_20180514_165340357_HDR resized_448.jpg,448,448,130.32568359375,22.374088287353516,130.0,28.0,253.0,0.00177001953125,0.004638671875,23.0,5774,0.3524169921875,1
IMG_20180514_165358823_HDR resized_448.jpg,448,448,130.97259521484375,29.236478805541992,130.0,5.0,252.0,0.00592041015625,0.01300048828125,36.0,6337,0.38677978515625,1
IMG_20180514_165411841_HDR resized_448.jpg,448,448,129.773193359375,30.874380111694336,129.0,10.0,244.0,0.00555419921875,0.01727294921875,39.0,6376,0.38916015625,1
IMG_20180514_165427375_HDR resized_448.jpg,448,448,134.386962890625,24.481557846069336,135.0,22.0,231.0,0.00238037109375,0.005615234375,29.0,6180,0.377197265625,1
IMG_20180514_165444055_HDR resized_448.jpg,448,448,133.76312255859375,20.831323623657227,134.0,29.0,239.0,0.00048828125,0.002197265625,24.0,6039,0.36859130859375,1
IMG_20180514_165457873_HDR resized_448.jpg,448,448,133.01470947265625,26.449384689331055,133.0,7.0,233.0,0.0054931640625,0.0067138671875,31.0,6139,0.37469482421875,1
IMG_20180514_165505511_HDR resized_448.jpg,448,448,131.87396240234375,27.437597274780273,133.0,25.0,238.0,0.00494384765625,0.00640869140625,33.0,6160,0.3759765625,1
IMG_20180514_165529728_HDR resized_448.jpg,448,448,125.729248046875,21.992155075073242,125.0,26.0,238.0,0.00201416015625,0.0023193359375,25.0,5975,0.36468505859375,1
IMG_20180514_165535720_HDR resized_448.jpg,448,448,126.12091064453125,20.042444229125977,125.0,28.0,240.0,0.00091552734375,0.0020751953125,24.0,6107,0.37274169921875,1
IMG_20180514_165710828_HDR resized_448.jpg,448,448,132.4486083984375,27.215307235717773,133.0,3.0,248.0,0.00689697265625,0.00634765625,33.0,6305,0.38482666015625,1
IMG_20180514_165717791_HDR resized_448.jpg,448,448,138.4326171875,26.127389907836914,139.0,6.0,250.0,0.00787353515625,0.0072021484375,30.0,6256,0.3818359375,1
IMG_20180514_165724162_HDR resized_448.jpg,448,448,136.7530517578125,27.77555274963379,138.0,8.0,232.0,0.0096435546875,0.0084228515625,32.0,6335,0.38665771484375,1
IMG_20180514_165731332_HDR resized_448.jpg,448,448,140.7298583984375,33.958675384521484,141.0,1.0,253.0,0.014404296875,0.0379638671875,39.0,6310,0.3851318359375,1
IMG_20180514_165740460_HDR resized_448.jpg,448,448,128.88623046875,24.696985244750977,127.0,16.0,252.0,0.00238037109375,0.00665283203125,28.0,6125,0.37384033203125,1
IMG_20180514_165746314_HDR resized_448.jpg,448,448,138.7044677734375,29.01690101623535,139.0,3.0,248.0,0.00927734375,0.0159912109375,33.0,6227,0.38006591796875,1
IMG_20180514_165751038_HDR resized_448.jpg,448,448,139.50604248046875,27.958755493164062,141.0,2.0,245.0,0.009033203125,0.01165771484375,30.0,6058,0.3697509765625,1
IMG_20180514_165757436_HDR resized_448.jpg,448,448,140.86993408203125,26.925748825073242,141.0,8.0,239.0,0.006591796875,0.01312255859375,31.0,6138,0.3746337890625,1
IMG_20180514_165811955_HDR resized_448.jpg,448,448,135.73931884765625,29.960241317749023,136.0,2.0,245.0,0.008056640625,0.0142822265625,35.0,6295,0.38421630859375,1
IMG_20180514_165823466_HDR resized_448.jpg,448,448,141.911865234375,33.583656311035156,143.0,1.0,248.0,0.01409912109375,0.035888671875,38.0,6255,0.38177490234375,1
IMG_20180514_165831579_HDR resized_448.jpg,448,448,138.53033447265625,26.81624412536621,140.0,5.0,235.0,0.007080078125,0.00787353515625,30.0,6172,0.376708984375,1
IMG_20180514_165837194_HDR resized_448.jpg,448,448,140.54315185546875,27.697195053100586,143.0,7.0,241.0,0.00830078125,0.0064697265625,31.0,6077,0.37091064453125,1
IMG_20180514_165847101_HDR resized_448.jpg,448,448,139.7374267578125,28.393945693969727,143.0,3.0,252.0,0.01116943359375,0.00738525390625,31.0,6067,0.37030029296875,1
IMG_20180514_170008541_HDR resized_448.jpg,448,448,143.6846923828125,29.68055534362793,145.0,2.0,252.0,0.01568603515625,0.0218505859375,29.0,6093,0.37188720703125,1
IMG_20180514_170015428_HDR resized_448.jpg,448,448,140.78350830078125,31.94580078125,144.0,3.0,243.0,0.01873779296875,0.0194091796875,31.0,6070,0.3704833984375,1
IMG_20180514_170026184_HDR resized_448.jpg,448,448,131.98687744140625,24.536365509033203,132.0,5.0,245.0,0.00616455078125,0.00579833984375,27.0,6062,0.3699951171875,1
IMG_20180514_170032562_HDR resized_448.jpg,448,448,123.77728271484375,24.97701644897461,121.0,6.0,245.0,0.0030517578125,0.00506591796875,30.0,6106,0.3726806640625,1
IMG_20180514_170039467_HDR resized_448.jpg,448,448,123.21234130859375,24.052753448486328,121.0,11.0,236.0,0.0050048828125,0.00250244140625,29.0,6078,0.3709716796875,1
IMG_20180514_170051550_HDR resized_448.jpg,448,448,145.95037841796875,30.669374465942383,147.0,3.0,250.0,0.01531982421875,0.02740478515625,30.0,6067,0.37030029296875,1
IMG_20180514_170055705_HDR resized_448.jpg,448,448,136.5072021484375,24.533639907836914,136.0,6.0,237.0,0.0084228515625,0.004638671875,26.0,6069,0.37042236328125,1
IMG_20180514_170100812_HDR resized_448.jpg,448,448,136.79107666015625,25.254085540771484,137.0,6.0,237.0,0.0068359375,0.0054931640625,28.0,5911,0.36077880859375,1
IMG_20180514_170105907_HDR resized_448.jpg,448,448,130.55645751953125,24.940092086791992,130.0,26.0,233.0,0.00238037109375,0.00396728515625,29.0,6028,0.367919921875,1
IMG_20180514_170122537_HDR resized_448.jpg,448,448,134.40435791015625,27.191925048828125,133.0,7.0,239.0,0.0045166015625,0.01153564453125,31.0,6107,0.37274169921875,1
IMG_20180514_170137161_HDR resized_448.jpg,448,448,123.48516845703125,27.22509765625,122.0,8.0,253.0,0.0057373046875,0.007080078125,32.0,6016,0.3671875,1
IMG_20180514_170144972_HDR resized_448.jpg,448,448,120.68072509765625,23.26280403137207,118.0,11.0,236.0,0.00164794921875,0.001953125,27.0,6126,0.3739013671875,1
IMG_20180514_170158322_HDR resized_448.jpg,448,448,130.1279296875,28.714174270629883,130.0,13.0,234.0,0.00628662109375,0.0093994140625,36.0,6331,0.38641357421875,1
IMG_20180514_170217038_HDR resized_448.jpg,448,448,121.862060546875,21.836217880249023,119.0,22.0,237.0,0.00244140625,0.00146484375,25.0,6057,0.36968994140625,1
IMG_20180514_170355485_HDR resized_448.jpg,448,448,135.1441650390625,34.513702392578125,136.0,3.0,254.0,0.01556396484375,0.02764892578125,41.0,6244,0.381103515625,1
IMG_20180514_170400947 resized_448.jpg,448,448,130.37506103515625,42.22884750366211,131.0,2.0,250.0,0.03955078125,0.0506591796875,52.0,6289,0.38385009765625,1
IMG_20180514_170411390_HDR resized_448.jpg,448,448,141.57269287109375,34.11202621459961,143.0,3.0,252.0,0.0169677734375,0.03387451171875,39.0,6276,0.383056640625,1
IMG_20180514_170416728_HDR resized_448.jpg,448,448,143.64935302734375,33.13386154174805,147.0,3.0,251.0,0.01708984375,0.02783203125,36.0,6158,0.3758544921875,1
IMG_20180514_170423229_HDR resized_448.jpg,448,448,144.33038330078125,36.4000244140625,148.0,1.0,248.0,0.02264404296875,0.0404052734375,39.0,6183,0.37738037109375,1
IMG_20180514_170638485_HDR resized_448.jpg,448,448,131.80865478515625,23.734724044799805,132.0,6.0,245.0,0.00311279296875,0.00506591796875,28.0,6054,0.3695068359375,1
IMG_20180514_170646586_HDR resized_448.jpg,448,448,132.24725341796875,18.84404754638672,132.0,43.0,246.0,0.00030517578125,0.0025634765625,23.0,5900,0.360107421875,1
IMG_20180514_170703597_HDR resized_448.jpg,448,448,129.60870361328125,22.635465621948242,129.0,41.0,237.0,0.00042724609375,0.000732421875,31.0,6185,0.37750244140625,1
IMG_20180514_170708710_HDR (1) resized_448.jpg,448,448,134.2939453125,22.96546745300293,135.0,44.0,213.0,0.00030517578125,0.000732421875,30.0,6074,0.3707275390625,1
IMG_20180514_170708710_HDR resized_448.jpg,448,448,134.2939453125,22.96546745300293,135.0,44.0,213.0,0.00030517578125,0.000732421875,30.0,6074,0.3707275390625,1
IMG_8404 resized_448.jpg,448,448,172.28131103515625,18.234888076782227,172.0,106.0,247.0,0.0,0.06280517578125,25.0,5646,0.3446044921875,1
IMG_8405 resized_448.jpg,448,448,127.55914306640625,14.942852973937988,127.0,76.0,219.0,0.0,0.0006103515625,19.0,5544,0.33837890625,1
IMG_8406 resized_448.jpg,448,448,128.26690673828125,13.801095008850098,127.0,81.0,221.0,0.0,0.00048828125,18.0,4080,0.2490234375,1
IMG_8407 resized_448.jpg,448,448,129.220703125,17.441417694091797,129.0,68.0,225.0,0.0,0.000244140625,24.0,5989,0.36553955078125,1
IMG_8412 resized_448.jpg,448,448,149.07757568359375,25.42055892944336,148.0,68.0,237.0,0.0,0.02545166015625,35.0,5992,0.36572265625,1
IMG_8413 resized_448.jpg,448,448,151.24298095703125,27.183591842651367,151.0,67.0,234.0,0.0,0.03192138671875,39.0,6043,0.36883544921875,1
IMG_8414 resized_448.jpg,448,448,154.78924560546875,23.710023880004883,155.0,80.0,233.0,0.0,0.02532958984375,33.0,5495,0.33538818359375,1
IMG_8415 resized_448.jpg,448,448,153.0067138671875,28.452816009521484,153.0,65.0,248.0,0.0,0.04229736328125,39.0,6096,0.3720703125,1
IMG_8416 resized_448.jpg,448,448,149.166259765625,25.558534622192383,149.0,71.0,245.0,0.0,0.0233154296875,35.0,5979,0.36492919921875,1
IMG_8417 resized_448.jpg,448,448,137.02069091796875,36.40272903442383,137.0,34.0,248.0,0.006103515625,0.03179931640625,54.0,6087,0.37152099609375,1
IMG_8418 resized_448.jpg,448,448,137.67626953125,34.71770477294922,139.0,35.0,241.0,0.00445556640625,0.02337646484375,52.0,5699,0.34783935546875,1
IMG_8419 resized_448.jpg,448,448,130.39910888671875,38.18041229248047,131.0,32.0,251.0,0.01275634765625,0.02581787109375,57.0,6239,0.38079833984375,1
IMG_8423 resized_448.jpg,448,448,133.39697265625,11.64802074432373,133.0,84.0,237.0,0.0,0.000244140625,15.0,2313,0.14117431640625,1
IMG_8424 resized_448.jpg,448,448,183.07647705078125,11.465383529663086,183.0,127.0,250.0,0.0,0.06201171875,14.0,1737,0.10601806640625,1
IMG_8426 resized_448.jpg,448,448,172.09735107421875,22.300941467285156,171.0,72.0,246.0,0.0,0.111572265625,27.0,5589,0.34112548828125,1
IMG_8428 resized_448.jpg,448,448,168.38336181640625,22.26842498779297,169.0,76.0,248.0,0.0,0.071533203125,29.0,6059,0.36981201171875,1
IMG_8429 resized_448.jpg,448,448,123.6666259765625,42.882076263427734,126.0,29.0,244.0,0.0521240234375,0.0269775390625,63.0,6197,0.37823486328125,1
IMG_8430 resized_448.jpg,448,448,128.4815673828125,41.43574905395508,131.0,27.0,242.0,0.03607177734375,0.025146484375,61.0,6106,0.3726806640625,1
IMG_8431 resized_448.jpg,448,448,131.08197021484375,39.934749603271484,136.0,24.0,232.0,0.036865234375,0.01953125,56.0,5942,0.3626708984375,1
IMG_8432 resized_448.jpg,448,448,148.95458984375,37.461421966552734,154.0,43.0,247.0,0.00067138671875,0.0633544921875,53.0,6004,0.366455078125,1
IMG_8433 resized_448.jpg,448,448,146.38525390625,31.624326705932617,148.0,47.0,245.0,0.00018310546875,0.03631591796875,42.0,6135,0.37445068359375,1
IMG_8434 resized_448.jpg,448,448,150.5816650390625,31.79388999938965,151.0,47.0,248.0,0.0003662109375,0.05242919921875,42.0,6154,0.3756103515625,1
IMG_8435 resized_448.jpg,448,448,147.6776123046875,31.186647415161133,149.0,49.0,253.0,6.103515625e-05,0.04400634765625,42.0,6046,0.3690185546875,1
IMG_8436 resized_448.jpg,448,448,144.10113525390625,34.46852111816406,143.0,33.0,252.0,0.00103759765625,0.056884765625,47.0,6132,0.374267578125,1
IMG_8437 resized_448.jpg,448,448,140.8795166015625,33.780826568603516,139.0,37.0,253.0,0.000732421875,0.04669189453125,46.0,5978,0.3648681640625,1
IMG_8438 resized_448.jpg,448,448,139.82952880859375,37.4224967956543,140.0,28.0,249.0,0.00665283203125,0.04583740234375,53.0,6088,0.37158203125,1
IMG_8439 resized_448.jpg,448,448,145.8800048828125,35.540767669677734,147.0,36.0,249.0,0.001708984375,0.05963134765625,51.0,6066,0.3702392578125,1
IMG_8440 resized_448.jpg,448,448,145.424560546875,35.739925384521484,147.0,40.0,246.0,0.0018310546875,0.05560302734375,50.0,6127,0.37396240234375,1
IMG_8441 resized_448.jpg,448,448,128.26544189453125,39.68040084838867,131.0,21.0,236.0,0.03106689453125,0.024169921875,56.0,6244,0.381103515625,1
IMG_8442 resized_448.jpg,448,448,143.361328125,39.31132507324219,145.0,30.0,248.0,0.00958251953125,0.06671142578125,55.0,6219,0.37957763671875,1
IMG_8443 resized_448.jpg,448,448,134.14251708984375,38.048336029052734,136.0,29.0,243.0,0.01336669921875,0.03375244140625,53.0,6233,0.38043212890625,1
IMG_8444 resized_448.jpg,448,448,153.849853515625,34.507572174072266,157.0,50.0,252.0,0.0,0.07781982421875,48.0,6213,0.37921142578125,1
IMG_8445 resized_448.jpg,448,448,150.01055908203125,33.56963348388672,153.0,47.0,246.0,0.0001220703125,0.05560302734375,46.0,6158,0.3758544921875,1
IMG_8446 resized_448.jpg,448,448,154.55999755859375,35.76742172241211,158.0,47.0,250.0,6.103515625e-05,0.08660888671875,51.0,6132,0.374267578125,1
IMG_8447 resized_448.jpg,448,448,146.07269287109375,37.64739990234375,150.0,45.0,250.0,0.00030517578125,0.05926513671875,56.0,6052,0.369384765625,1
IMG_8449 resized_448.jpg,448,448,124.85821533203125,40.015132904052734,115.0,47.0,253.0,0.0001220703125,0.05255126953125,59.0,5516,0.336669921875,1
IMG_8453 resized_448.jpg,448,448,154.4603271484375,33.57756042480469,157.0,59.0,247.0,0.0,0.07061767578125,49.0,6372,0.388916015625,1
IMG_8455 resized_448.jpg,448,448,151.99346923828125,32.336463928222656,154.0,50.0,247.0,0.0,0.05169677734375,46.0,6201,0.37847900390625,1
IMG_8456 resized_448.jpg,448,448,154.73858642578125,34.86678695678711,157.0,55.0,248.0,0.0,0.0850830078125,51.0,6264,0.38232421875,1
IMG_8462 resized_448.jpg,448,448,131.465576171875,15.596397399902344,132.0,56.0,187.0,0.0,0.0,19.0,4882,0.2979736328125,1
IMG_8463 resized_448.jpg,448,448,170.7236328125,19.87836265563965,172.0,71.0,230.0,0.0,0.05474853515625,26.0,5590,0.3411865234375,1
IMG_8464 resized_448.jpg,448,448,172.6497802734375,17.214824676513672,173.0,74.0,226.0,0.0,0.047119140625,21.0,4970,0.3033447265625,1
IMG_8465 resized_448.jpg,448,448,173.3980712890625,20.38861846923828,175.0,68.0,235.0,0.0,0.073486328125,25.0,5854,0.3572998046875,1
IMG_8466 resized_448.jpg,448,448,170.92724609375,19.287437438964844,172.0,68.0,230.0,0.0,0.0458984375,24.0,5547,0.33856201171875,1
IMG_8467 resized_448.jpg,448,448,172.93408203125,17.40622329711914,174.0,80.0,226.0,0.0,0.03997802734375,22.0,5096,0.31103515625,1
IMG_8468 resized_448.jpg,448,448,164.448486328125,34.32700729370117,173.0,53.0,227.0,0.0,0.098876953125,39.0,5462,0.3333740234375,1
IMG_8469 resized_448.jpg,448,448,169.015380859375,13.877239227294922,169.0,93.0,223.0,0.0,0.00762939453125,18.0,4973,0.30352783203125,1
IMG_8470 resized_448.jpg,448,448,170.36199951171875,19.09398651123047,172.0,87.0,227.0,0.0,0.0406494140625,26.0,5930,0.3619384765625,1
IMG_8471 resized_448.jpg,448,448,171.387939453125,19.28371810913086,173.0,82.0,236.0,0.0,0.0521240234375,26.0,5955,0.36346435546875,1
IMG_8472 resized_448.jpg,448,448,170.7275390625,19.839603424072266,172.0,86.0,237.0,0.0,0.05242919921875,27.0,5997,0.36602783203125,1
IMG_8473 resized_448.jpg,448,448,169.9539794921875,22.006988525390625,171.0,68.0,230.0,0.0,0.072998046875,31.0,6250,0.3814697265625,1
IMG_8474 resized_448.jpg,448,448,134.97747802734375,14.261013984680176,135.0,60.0,241.0,0.0,0.00115966796875,18.0,5187,0.31658935546875,1
IMG_8475 resized_448.jpg,448,448,177.53924560546875,18.893573760986328,179.0,82.0,251.0,0.0,0.095947265625,24.0,5979,0.36492919921875,1
IMG_8476 resized_448.jpg,448,448,176.83648681640625,19.636919021606445,178.0,91.0,251.0,0.0,0.09954833984375,25.0,6129,0.37408447265625,1
IMG_8477 resized_448.jpg,448,448,180.553955078125,15.743535041809082,181.0,95.0,250.0,0.0,0.0870361328125,20.0,5368,0.32763671875,1
IMG_8478 resized_448.jpg,448,448,189.69903564453125,15.321081161499023,190.0,98.0,252.0,0.0,0.2313232421875,19.0,5470,0.3338623046875,1
IMG_8479 resized_448.jpg,448,448,181.276611328125,18.841081619262695,182.0,77.0,252.0,0.0,0.1434326171875,24.0,5875,0.35858154296875,1
IMG_8480 resized_448.jpg,448,448,187.6624755859375,17.598268508911133,188.0,109.0,252.0,0.0,0.220703125,22.0,5640,0.34423828125,1
IMG_8481 resized_448.jpg,448,448,181.994873046875,18.494632720947266,183.0,98.0,252.0,0.0,0.1524658203125,25.0,5965,0.36407470703125,1
IMG_8483 resized_448.jpg,448,448,180.89019775390625,19.355966567993164,182.0,103.0,251.0,0.0,0.1510009765625,25.0,6177,0.37701416015625,1
IMG_8484 resized_448.jpg,448,448,181.87109375,19.67987823486328,183.0,96.0,251.0,0.0,0.17236328125,26.0,6168,0.37646484375,1
IMG_8485 resized_448.jpg,448,448,183.56982421875,19.180583953857422,185.0,94.0,250.0,0.0,0.18975830078125,26.0,6055,0.36956787109375,1
IMG_8486 resized_448.jpg,448,448,175.72991943359375,18.549144744873047,177.0,89.0,250.0,0.0,0.08135986328125,25.0,6220,0.379638671875,1
IMG_8487 resized_448.jpg,448,448,172.1842041015625,20.408645629882812,173.0,84.0,249.0,0.0,0.0755615234375,27.0,6269,0.38262939453125,1
IMG_8488 resized_448.jpg,448,448,183.27471923828125,18.802593231201172,184.0,96.0,249.0,0.0,0.18157958984375,25.0,6016,0.3671875,1
IMG_8489 resized_448.jpg,448,448,171.967041015625,19.909814834594727,172.0,74.0,243.0,0.0,0.0721435546875,27.0,6056,0.36962890625,1
IMG_8490 resized_448.jpg,448,448,177.48187255859375,18.570798873901367,178.0,83.0,246.0,0.0,0.10113525390625,24.0,5827,0.35565185546875,1
IMG_8491 resized_448.jpg,448,448,185.3040771484375,14.122949600219727,186.0,110.0,242.0,0.0,0.12872314453125,18.0,4849,0.29595947265625,1
IMG_8493 resized_448.jpg,448,448,181.5042724609375,18.488218307495117,183.0,96.0,246.0,0.0,0.14837646484375,24.0,5975,0.36468505859375,1
IMG_8504 resized_448.jpg,448,448,132.7177734375,14.85767936706543,133.0,62.0,214.0,0.0,0.000732421875,16.0,4198,0.2562255859375,1
IMG_8505 resized_448.jpg,448,448,175.553466796875,15.549444198608398,175.0,96.0,246.0,0.0,0.055419921875,17.0,4938,0.3013916015625,1
IMG_8506 resized_448.jpg,448,448,170.4586181640625,15.563433647155762,170.0,99.0,246.0,0.0,0.03302001953125,18.0,5031,0.30706787109375,1
IMG_8507 resized_448.jpg,448,448,174.7052001953125,20.069265365600586,175.0,85.0,249.0,0.0,0.08978271484375,23.0,5564,0.339599609375,1
IMG_8508 resized_448.jpg,448,448,169.0091552734375,21.982027053833008,168.0,71.0,252.0,0.0,0.0775146484375,26.0,5897,0.35992431640625,1
IMG_8509 resized_448.jpg,448,448,168.87506103515625,17.69542694091797,169.0,52.0,243.0,0.0,0.03497314453125,22.0,5803,0.35418701171875,1
IMG_8510 resized_448.jpg,448,448,170.6092529296875,19.138092041015625,171.0,61.0,247.0,0.0,0.05084228515625,23.25,5780,0.352783203125,1
IMG_8511 resized_448.jpg,448,448,167.27130126953125,23.247896194458008,167.0,52.0,249.0,0.0,0.0712890625,29.0,6059,0.36981201171875,1
IMG_8512 resized_448.jpg,448,448,171.51324462890625,23.685766220092773,172.0,48.0,252.0,0.0001220703125,0.1038818359375,30.0,6152,0.37548828125,1
IMG_8513 resized_448.jpg,448,448,167.593505859375,23.281360626220703,168.0,48.0,248.0,6.103515625e-05,0.07440185546875,28.0,6118,0.3734130859375,1
IMG_8514 resized_448.jpg,448,448,162.061279296875,28.685760498046875,163.0,34.0,250.0,0.0013427734375,0.08062744140625,35.0,6192,0.3779296875,1
IMG_8515 resized_448.jpg,448,448,156.51739501953125,31.849504470825195,159.0,28.0,250.0,0.0042724609375,0.06488037109375,37.0,6232,0.38037109375,1
IMG_8516 resized_448.jpg,448,448,171.95880126953125,27.309825897216797,174.0,42.0,246.0,0.00018310546875,0.11846923828125,32.0,6016,0.3671875,1
IMG_8517 resized_448.jpg,448,448,123.8736572265625,24.26056480407715,120.0,40.0,236.0,0.00030517578125,0.0072021484375,27.0,5541,0.33819580078125,1
IMG_8518 resized_448.jpg,448,448,181.6199951171875,24.478904724121094,180.0,89.0,254.0,0.0,0.20721435546875,31.0,6001,0.36627197265625,1
IMG_8519 resized_448.jpg,448,448,165.38751220703125,23.632099151611328,164.0,68.0,250.0,0.0,0.08099365234375,27.0,5867,0.35809326171875,1
IMG_8520 resized_448.jpg,448,448,174.0555419921875,23.04127311706543,172.0,91.0,253.0,0.0,0.127685546875,29.0,5804,0.354248046875,1
IMG_8521 resized_448.jpg,448,448,158.9959716796875,26.621185302734375,156.0,60.0,252.0,0.0,0.08001708984375,33.0,5896,0.35986328125,1
IMG_8522 resized_448.jpg,448,448,162.8077392578125,26.933027267456055,162.0,39.0,252.0,0.00054931640625,0.0838623046875,32.0,6073,0.37066650390625,1
IMG_8523 resized_448.jpg,448,448,160.8455810546875,26.269746780395508,159.0,34.0,251.0,0.000732421875,0.0718994140625,32.0,5973,0.36456298828125,1
IMG_8524 resized_448.jpg,448,448,165.98785400390625,27.67742919921875,165.0,47.0,251.0,6.103515625e-05,0.10400390625,34.0,6043,0.36883544921875,1
IMG_8525 resized_448.jpg,448,448,171.8448486328125,26.984724044799805,171.0,51.0,252.0,0.0,0.13995361328125,34.0,6000,0.3662109375,1
IMG_8526 resized_448.jpg,448,448,172.99835205078125,26.305246353149414,172.0,51.0,251.0,0.0,0.14410400390625,34.0,5959,0.36370849609375,1
IMG_8527 resized_448.jpg,448,448,165.66839599609375,25.051877975463867,165.0,55.0,252.0,0.0,0.0848388671875,31.0,5950,0.3631591796875,1
IMG_8528 resized_448.jpg,448,448,162.2740478515625,27.586164474487305,161.0,45.0,251.0,0.00018310546875,0.08697509765625,35.0,5960,0.36376953125,1
IMG_8529 resized_448.jpg,448,448,172.30987548828125,21.375661849975586,172.0,53.0,248.0,0.0,0.07928466796875,22.0,5721,0.34918212890625,1
IMG_8530 resized_448.jpg,448,448,154.92193603515625,26.97840690612793,153.0,40.0,254.0,0.0010986328125,0.0538330078125,31.0,5999,0.36614990234375,1
IMG_8531 resized_448.jpg,448,448,171.54632568359375,26.845510482788086,173.0,40.0,247.0,0.0003662109375,0.1158447265625,29.0,6026,0.3677978515625,1
IMG_8532 resized_448.jpg,448,448,163.7645263671875,27.424800872802734,166.0,44.0,251.0,0.0001220703125,0.07757568359375,29.0,6038,0.3685302734375,1
IMG_8533 resized_448.jpg,448,448,170.9371337890625,26.508604049682617,173.0,48.0,249.0,6.103515625e-05,0.10760498046875,28.0,5984,0.365234375,1
IMG_20180705_130729936 resized_448.jpg,448,448,157.23809814453125,12.658395767211914,157.0,95.0,213.0,0.0,0.00079345703125,17.0,3055,0.18646240234375,0
IMG_20180705_130731751 resized_448.jpg,448,448,157.72784423828125,14.533143997192383,157.0,103.0,235.0,0.0,0.014404296875,18.0,2559,0.15618896484375,0
IMG_20180705_130732496 resized_448.jpg,448,448,159.78131103515625,12.17461109161377,160.0,103.0,229.0,0.0,0.00054931640625,16.0,2631,0.16058349609375,0
IMG_20180705_130732993 resized_448.jpg,448,448,160.02197265625,12.1039400100708,160.0,111.0,226.0,0.0,0.00115966796875,16.0,2387,0.14569091796875,0
IMG_20180705_130733329 resized_448.jpg,448,448,166.1103515625,17.90978240966797,164.0,117.0,248.0,0.0,0.05419921875,19.0,2670,0.1629638671875,0
IMG_20180705_130733660 resized_448.jpg,448,448,167.264404296875,17.073511123657227,166.0,118.0,250.0,0.0,0.0440673828125,20.0,2991,0.18255615234375,0
IMG_20180705_130733991 resized_448.jpg,448,448,159.46771240234375,14.37238597869873,159.0,102.0,243.0,0.0,0.01220703125,18.0,2368,0.14453125,0
IMG_20180705_130734324 resized_448.jpg,448,448,159.198974609375,15.799766540527344,158.0,76.0,246.0,0.0,0.02288818359375,17.0,1881,0.11480712890625,0
IMG_20180705_130734659 resized_448.jpg,448,448,153.72357177734375,12.414573669433594,154.0,102.0,208.0,0.0,0.00042724609375,16.0,2108,0.128662109375,0
IMG_20180705_130734991 resized_448.jpg,448,448,152.848388671875,12.647727966308594,153.0,97.0,210.0,0.0,0.00079345703125,17.0,2427,0.14813232421875,0
IMG_20180705_130735324 resized_448.jpg,448,448,153.2257080078125,12.387406349182129,153.0,100.0,220.0,0.0,0.00067138671875,17.0,2586,0.1578369140625,0
IMG_20180705_130735657 resized_448.jpg,448,448,153.92926025390625,12.28836727142334,154.0,99.0,222.0,0.0,0.0006103515625,16.0,2368,0.14453125,0
IMG_20180705_130735989 resized_448.jpg,448,448,155.32574462890625,14.0527925491333,155.0,103.0,243.0,0.0,0.00994873046875,17.0,2581,0.15753173828125,0
IMG_20180705_130736323 resized_448.jpg,448,448,155.21136474609375,13.406557083129883,155.0,100.0,226.0,0.0,0.002685546875,16.0,2603,0.15887451171875,0
IMG_20180705_130736655 resized_448.jpg,448,448,152.6553955078125,12.874900817871094,153.0,92.0,219.0,0.0,0.000732421875,17.0,2661,0.16241455078125,0
IMG_20180705_130736987 resized_448.jpg,448,448,150.05517578125,12.77912425994873,151.0,57.0,209.0,0.0,0.00048828125,16.0,2691,0.16424560546875,0
IMG_20180705_130737319 resized_448.jpg,448,448,147.80157470703125,12.667847633361816,148.0,85.0,203.0,0.0,0.00018310546875,16.0,2603,0.15887451171875,0
IMG_20180705_130737652 resized_448.jpg,448,448,148.41998291015625,12.754693031311035,149.0,81.0,205.0,0.0,0.0003662109375,17.0,2316,0.141357421875,0
IMG_20180705_130737985 resized_448.jpg,448,448,150.96966552734375,12.871301651000977,151.0,87.0,214.0,0.0,0.0003662109375,16.0,2398,0.1463623046875,0
IMG_20180705_130738321 resized_448.jpg,448,448,150.09088134765625,12.303875923156738,150.0,82.0,206.0,0.0,0.000244140625,16.0,2351,0.14349365234375,0
IMG_20180705_130738655 resized_448.jpg,448,448,151.70037841796875,12.523824691772461,152.0,96.0,211.0,0.0,0.0003662109375,17.0,2071,0.12640380859375,0
IMG_20180705_130738987 resized_448.jpg,448,448,153.89080810546875,12.421751022338867,154.0,100.0,222.0,0.0,0.0003662109375,16.0,2180,0.133056640625,0
IMG_20180705_130739321 resized_448.jpg,448,448,155.43304443359375,13.223289489746094,155.0,101.0,225.0,0.0,0.00164794921875,18.0,2218,0.1353759765625,0
IMG_20180705_130739654 resized_448.jpg,448,448,156.58380126953125,13.044084548950195,157.0,110.0,214.0,0.0,0.001708984375,17.0,2228,0.135986328125,0
IMG_20180705_130739987 resized_448.jpg,448,448,155.69305419921875,12.394716262817383,156.0,111.0,217.0,0.0,0.0006103515625,17.0,2071,0.12640380859375,0
IMG_20180705_130740323 resized_448.jpg,448,448,156.31610107421875,12.678567886352539,157.0,100.0,213.0,0.0,0.000732421875,17.0,2106,0.1285400390625,0
IMG_20180705_130740656 resized_448.jpg,448,448,157.0665283203125,13.664680480957031,157.0,100.0,230.0,0.0,0.0048828125,18.0,2439,0.14886474609375,0
IMG_20180705_130740989 resized_448.jpg,448,448,158.620361328125,13.920491218566895,159.0,105.0,232.0,0.0,0.00537109375,18.0,2690,0.1641845703125,0
IMG_20180705_130741322 resized_448.jpg,448,448,167.104248046875,22.040828704833984,164.0,115.0,255.0,0.0,0.0599365234375,18.0,2951,0.18011474609375,0
IMG_20180705_130741655 resized_448.jpg,448,448,158.7490234375,11.773123741149902,159.0,111.0,216.0,0.0,0.00030517578125,16.0,2225,0.13580322265625,0
IMG_20180705_130741989 resized_448.jpg,448,448,162.8409423828125,15.912862777709961,162.0,113.0,244.0,0.0,0.02825927734375,19.0,2058,0.1256103515625,0
IMG_20180705_130742323 resized_448.jpg,448,448,160.14776611328125,13.241910934448242,160.0,104.0,222.0,0.0,0.00286865234375,18.0,2199,0.13421630859375,0
IMG_20180705_130742655 resized_448.jpg,448,448,166.3336181640625,21.645397186279297,163.0,106.0,255.0,0.0,0.0672607421875,24.0,2347,0.14324951171875,0
IMG_20180705_130742988 resized_448.jpg,448,448,166.0567626953125,22.084768295288086,162.0,108.0,255.0,0.0,0.0841064453125,21.0,3067,0.18719482421875,0
IMG_20180705_130743321 resized_448.jpg,448,448,161.05126953125,17.913976669311523,159.0,112.0,253.0,0.0,0.0401611328125,19.0,2701,0.16485595703125,0
IMG_20180705_130743653 resized_448.jpg,448,448,159.12884521484375,15.510299682617188,158.0,111.0,246.0,0.0,0.016357421875,18.0,2456,0.14990234375,0
IMG_20180705_130743987 resized_448.jpg,448,448,157.32403564453125,13.477231979370117,157.0,97.0,235.0,0.0,0.00494384765625,18.0,2701,0.16485595703125,0
IMG_20180705_130744320 resized_448.jpg,448,448,157.0916748046875,14.142938613891602,157.0,110.0,220.0,0.0,0.0045166015625,18.0,2578,0.1573486328125,0
IMG_20180705_130744653 resized_448.jpg,448,448,157.86505126953125,15.607553482055664,157.0,105.0,255.0,0.0,0.01483154296875,18.0,2564,0.156494140625,0
IMG_20180705_130744988 resized_448.jpg,448,448,162.88861083984375,24.452251434326172,158.0,109.0,255.0,0.0,0.07501220703125,22.0,2758,0.1683349609375,0
IMG_20180705_130745320 resized_448.jpg,448,448,155.835693359375,13.166683197021484,156.0,107.0,214.0,0.0,0.0010986328125,18.0,2851,0.17401123046875,0
IMG_20180705_130745654 resized_448.jpg,448,448,157.3043212890625,13.521657943725586,158.0,108.0,222.0,0.0,0.00164794921875,18.0,2672,0.1630859375,0
IMG_20180705_130745987 resized_448.jpg,448,448,156.68585205078125,13.417872428894043,157.0,106.0,250.0,0.0,0.00628662109375,17.0,2752,0.16796875,0
IMG_20180705_130746319 resized_448.jpg,448,448,166.348388671875,25.011478424072266,162.0,109.0,255.0,0.0,0.08380126953125,21.0,2833,0.17291259765625,0
IMG_20180705_130746652 resized_448.jpg,448,448,157.63720703125,12.965505599975586,158.0,108.0,230.0,0.0,0.000732421875,17.0,2686,0.1639404296875,0
IMG_20180705_130746985 resized_448.jpg,448,448,158.34503173828125,14.777137756347656,158.0,102.0,230.0,0.0,0.00616455078125,18.0,3065,0.18707275390625,0
IMG_20180705_130747318 resized_448.jpg,448,448,158.07440185546875,12.25041389465332,159.0,105.0,209.0,0.0,0.00054931640625,15.0,2873,0.17535400390625,0
IMG_20180705_130747652 resized_448.jpg,448,448,159.10028076171875,13.915987014770508,159.0,104.0,219.0,0.0,0.00494384765625,17.0,2649,0.16168212890625,0
IMG_20180705_130747985 resized_448.jpg,448,448,160.29937744140625,14.611297607421875,160.0,113.0,244.0,0.0,0.01727294921875,17.0,2538,0.1549072265625,0
IMG_20180705_130748317 resized_448.jpg,448,448,159.8670654296875,13.46741008758545,160.0,103.0,234.0,0.0,0.00848388671875,17.0,2929,0.17877197265625,0
IMG_20180705_130748649 resized_448.jpg,448,448,159.07611083984375,13.479562759399414,159.0,100.0,237.0,0.0,0.0096435546875,16.0,2484,0.151611328125,0
IMG_8658 resized_448.jpg,448,448,152.956787109375,22.48345947265625,154.0,62.0,245.0,0.0,0.00927734375,31.0,6001,0.36627197265625,0
IMG_8659 resized_448.jpg,448,448,161.8603515625,24.952392578125,164.0,54.0,245.0,0.0,0.0423583984375,33.0,6020,0.367431640625,0
IMG_8660 resized_448.jpg,448,448,150.6192626953125,26.541231155395508,152.0,50.0,250.0,0.0,0.020263671875,36.0,6149,0.37530517578125,0
IMG_8661 resized_448.jpg,448,448,163.068359375,26.274625778198242,166.0,61.0,247.0,0.0,0.05084228515625,38.0,5656,0.34521484375,0
IMG_8662 resized_448.jpg,448,448,158.65167236328125,24.751243591308594,161.0,69.0,241.0,0.0,0.0216064453125,37.0,5624,0.34326171875,0
IMG_8663 resized_448.jpg,448,448,161.57025146484375,22.764404296875,164.0,73.0,242.0,0.0,0.025146484375,32.0,5664,0.345703125,0
IMG_8664 resized_448.jpg,448,448,155.22772216796875,20.742740631103516,156.0,72.0,233.0,0.0,0.00958251953125,28.0,5352,0.32666015625,0
IMG_8665 resized_448.jpg,448,448,157.15728759765625,19.74283218383789,158.0,60.0,229.0,0.0,0.00811767578125,26.0,4862,0.2967529296875,0
IMG_8666 resized_448.jpg,448,448,165.79266357421875,16.78628158569336,166.0,95.0,232.0,0.0,0.01190185546875,23.0,5350,0.3265380859375,0
IMG_8667 resized_448.jpg,448,448,164.7769775390625,22.223466873168945,166.0,58.0,244.0,0.0,0.0426025390625,29.0,6018,0.3673095703125,0
IMG_8668 resized_448.jpg,448,448,165.27764892578125,16.14486312866211,166.0,85.0,235.0,0.0,0.0118408203125,21.0,4749,0.28985595703125,0
IMG_8669 resized_448.jpg,448,448,165.45001220703125,15.181364059448242,166.0,96.0,234.0,0.0,0.00604248046875,20.0,4890,0.2984619140625,0
IMG_8670 resized_448.jpg,448,448,164.794921875,17.83635711669922,166.0,87.0,233.0,0.0,0.01251220703125,23.0,5453,0.33282470703125,0
IMG_8671 resized_448.jpg,448,448,162.83209228515625,22.860240936279297,164.0,83.0,247.0,0.0,0.03485107421875,31.0,6053,0.36944580078125,0
IMG_8672 resized_448.jpg,448,448,155.83502197265625,19.042579650878906,156.0,50.0,242.0,0.0,0.00958251953125,24.0,5753,0.35113525390625,0
IMG_8673 resized_448.jpg,448,448,168.19354248046875,20.411970138549805,168.0,92.0,246.0,0.0,0.056396484375,29.0,5715,0.34881591796875,0
IMG_8674 resized_448.jpg,448,448,168.04327392578125,22.44546127319336,169.0,93.0,229.0,0.0,0.07037353515625,33.0,5429,0.33135986328125,0
IMG_8675 resized_448.jpg,448,448,171.56640625,21.854345321655273,173.0,85.0,240.0,0.0,0.082763671875,30.0,5215,0.31829833984375,0
IMG_8676 resized_448.jpg,448,448,151.8939208984375,24.88998794555664,152.0,69.0,246.0,0.0,0.0196533203125,35.0,6099,0.37225341796875,0
IMG_8677 resized_448.jpg,448,448,155.5394287109375,18.47177505493164,156.0,81.0,241.0,0.0,0.0067138671875,24.0,5508,0.336181640625,0
IMG_8678 resized_448.jpg,448,448,154.09051513671875,20.061710357666016,154.0,73.0,229.0,0.0,0.00921630859375,26.0,5887,0.35931396484375,0
IMG_8679 resized_448.jpg,448,448,151.83526611328125,24.078662872314453,155.0,62.0,231.0,0.0,0.0067138671875,30.0,4560,0.2783203125,0
IMG_8680 resized_448.jpg,448,448,160.6593017578125,21.14390754699707,161.0,66.0,232.0,0.0,0.02374267578125,28.0,5043,0.30780029296875,0
IMG_8681 resized_448.jpg,448,448,172.56463623046875,13.692251205444336,173.0,101.0,240.0,0.0,0.01690673828125,18.0,4028,0.245849609375,0
IMG_8682 resized_448.jpg,448,448,166.110107421875,13.833905220031738,166.0,108.0,226.0,0.0,0.0078125,18.0,3914,0.2388916015625,0
IMG_8683 resized_448.jpg,448,448,164.164794921875,14.948823928833008,163.0,108.0,242.0,0.0,0.01043701171875,20.0,3375,0.20599365234375,0
IMG_8684 resized_448.jpg,448,448,146.69732666015625,23.567935943603516,150.0,53.0,239.0,0.0,0.005126953125,29.0,5347,0.32635498046875,0
IMG_8685 resized_448.jpg,448,448,150.51055908203125,18.409738540649414,150.0,63.0,239.0,0.0,0.00628662109375,23.0,5565,0.33966064453125,0
IMG_8686 resized_448.jpg,448,448,145.9892578125,19.220346450805664,146.0,67.0,224.0,0.0,0.0020751953125,26.0,5586,0.3409423828125,0
IMG_8687 resized_448.jpg,448,448,154.02227783203125,19.78604507446289,154.0,73.0,237.0,0.0,0.0074462890625,26.0,5593,0.34136962890625,0
IMG_8688 resized_448.jpg,448,448,149.5211181640625,24.118045806884766,150.0,64.0,241.0,0.0,0.01141357421875,33.0,5979,0.36492919921875,0
IMG_8689 resized_448.jpg,448,448,131.32275390625,28.084182739257812,132.0,35.0,242.0,0.0006103515625,0.0047607421875,39.0,6180,0.377197265625,0
IMG_8690 resized_448.jpg,448,448,149.49298095703125,21.819522857666016,150.0,69.0,240.0,0.0,0.0081787109375,29.0,5748,0.350830078125,0
IMG_8691 resized_448.jpg,448,448,145.07843017578125,22.72848129272461,145.0,62.0,234.0,0.0,0.0057373046875,30.0,5776,0.3525390625,0
IMG_8692 resized_448.jpg,448,448,144.005859375,23.57807731628418,144.0,45.0,232.0,6.103515625e-05,0.00775146484375,32.0,5765,0.35186767578125,0
IMG_8693 resized_448.jpg,448,448,139.5220947265625,26.086374282836914,141.0,58.0,236.0,0.0,0.00494384765625,36.0,5936,0.3623046875,0
IMG_8694 resized_448.jpg,448,448,135.699951171875,25.558958053588867,136.0,56.0,239.0,0.0,0.0029296875,36.0,5998,0.3660888671875,0
IMG_8695 resized_448.jpg,448,448,138.8583984375,23.36973762512207,139.0,57.0,235.0,0.0,0.00311279296875,32.0,5787,0.35321044921875,0
IMG_8696 resized_448.jpg,448,448,141.29754638671875,22.933828353881836,142.0,61.0,241.0,0.0,0.00311279296875,31.0,5886,0.3592529296875,0
IMG_8697 resized_448.jpg,448,448,146.984375,22.50257110595703,148.0,67.0,244.0,0.0,0.0059814453125,30.0,5700,0.347900390625,0
IMG_8698 resized_448.jpg,448,448,133.81646728515625,26.360416412353516,133.0,43.0,234.0,0.0001220703125,0.0062255859375,36.0,5882,0.3590087890625,0
IMG_8699 resized_448.jpg,448,448,133.42877197265625,25.967998504638672,133.0,48.0,251.0,6.103515625e-05,0.0047607421875,36.0,5967,0.36419677734375,0
IMG_8700 resized_448.jpg,448,448,134.09912109375,24.85893440246582,134.0,42.0,241.0,0.0001220703125,0.00390625,34.0,5890,0.3594970703125,0
IMG_8701 resized_448.jpg,448,448,140.4315185546875,24.947906494140625,140.0,62.0,232.0,0.0,0.00830078125,35.0,5857,0.35748291015625,0
IMG_8702 resized_448.jpg,448,448,132.62103271484375,24.40711784362793,132.0,47.0,250.0,6.103515625e-05,0.006103515625,32.0,5793,0.35357666015625,0
IMG_8703 resized_448.jpg,448,448,128.53997802734375,23.933101654052734,128.0,44.0,230.0,6.103515625e-05,0.0023193359375,32.0,5782,0.3529052734375,0
IMG_8704 resized_448.jpg,448,448,139.7822265625,27.980331420898438,140.0,44.0,242.0,0.00018310546875,0.01171875,39.0,6000,0.3662109375,0
IMG_8705 resized_448.jpg,448,448,148.04180908203125,26.56161117553711,148.0,58.0,229.0,0.0,0.02154541015625,36.0,5943,0.36273193359375,0
IMG_8706 resized_448.jpg,448,448,146.33453369140625,19.775005340576172,145.0,81.0,253.0,0.0,0.0093994140625,25.0,5437,0.33184814453125,0
IMG_8707 resized_448.jpg,448,448,146.8438720703125,19.548540115356445,146.0,74.0,240.0,0.0,0.00506591796875,26.0,5585,0.34088134765625,0
IMG_8708 resized_448.jpg,448,448,145.02667236328125,20.360803604125977,144.0,75.0,239.0,0.0,0.0062255859375,27.0,5370,0.3277587890625,0
IMG_8709 resized_448.jpg,448,448,148.91162109375,19.041128158569336,149.0,77.0,238.0,0.0,0.0052490234375,25.0,5487,0.33489990234375,0
IMG_8710 resized_448.jpg,448,448,146.70941162109375,21.04442024230957,146.0,62.0,241.0,0.0,0.00640869140625,27.0,5629,0.34356689453125,0
IMG_8711 resized_448.jpg,448,448,146.8956298828125,21.275785446166992,147.0,69.0,239.0,0.0,0.00677490234375,28.0,5591,0.34124755859375,0
IMG_8712 resized_448.jpg,448,448,148.0096435546875,19.88538932800293,148.0,77.0,238.0,0.0,0.0054931640625,26.0,5692,0.347412109375,0
IMG_8713 resized_448.jpg,448,448,150.12603759765625,20.052541732788086,150.0,81.0,240.0,0.0,0.00677490234375,26.0,5545,0.33843994140625,0
IMG_8714 resized_448.jpg,448,448,146.70654296875,20.1874942779541,147.0,71.0,231.0,0.0,0.00421142578125,27.0,5714,0.3487548828125,0
IMG_8715 resized_448.jpg,448,448,146.8565673828125,20.105091094970703,147.0,73.0,235.0,0.0,0.0048828125,27.0,5711,0.34857177734375,0
IMG_8716 resized_448.jpg,448,448,148.070556640625,18.993785858154297,148.0,78.0,221.0,0.0,0.00408935546875,26.0,5666,0.3458251953125,0
IMG_8717 resized_448.jpg,448,448,150.25421142578125,19.39836311340332,150.0,72.0,220.0,0.0,0.00689697265625,26.0,5432,0.33154296875,0
IMG_8718 resized_448.jpg,448,448,148.4808349609375,20.065332412719727,149.0,61.0,230.0,0.0,0.0050048828125,27.0,5493,0.33526611328125,0
IMG_8719 resized_448.jpg,448,448,147.544189453125,20.123580932617188,148.0,75.0,233.0,0.0,0.0050048828125,27.0,5420,0.330810546875,0
IMG_8720 resized_448.jpg,448,448,149.888671875,20.271907806396484,150.0,70.0,248.0,0.0,0.00738525390625,26.0,5560,0.33935546875,0
IMG_8721 resized_448.jpg,448,448,130.82177734375,28.245302200317383,132.0,37.0,231.0,0.00091552734375,0.0035400390625,39.0,6098,0.3721923828125,0
IMG_8722 resized_448.jpg,448,448,155.66229248046875,17.34699821472168,156.0,83.0,234.0,0.0,0.00543212890625,23.0,4879,0.29779052734375,0
IMG_8723 resized_448.jpg,448,448,151.66607666015625,18.13542938232422,152.0,84.0,241.0,0.0,0.00408935546875,24.0,5122,0.3126220703125,0
IMG_8724 resized_448.jpg,448,448,150.43756103515625,17.90860939025879,150.0,78.0,242.0,0.0,0.00408935546875,24.0,5056,0.30859375,0
IMG_8725 resized_448.jpg,448,448,149.8558349609375,17.846965789794922,149.5,75.0,237.0,0.0,0.0029296875,24.0,5104,0.3115234375,0
IMG_8726 resized_448.jpg,448,448,150.91253662109375,18.232690811157227,151.0,74.0,234.0,0.0,0.00408935546875,24.0,5278,0.3221435546875,0
IMG_8727 resized_448.jpg,448,448,149.4468994140625,18.190412521362305,149.0,74.0,225.0,0.0,0.00262451171875,24.0,5275,0.32196044921875,0
IMG_8728 resized_448.jpg,448,448,150.3944091796875,17.93618392944336,150.0,76.0,221.0,0.0,0.00262451171875,23.0,4996,0.304931640625,0
IMG_8729 resized_448.jpg,448,448,151.7197265625,17.84345245361328,152.0,85.0,221.0,0.0,0.00384521484375,23.0,5314,0.3243408203125,0
IMG_8730 resized_448.jpg,448,448,151.92181396484375,17.498327255249023,152.0,82.0,222.0,0.0,0.00384521484375,22.0,5196,0.317138671875,0
IMG_8731 resized_448.jpg,448,448,151.83538818359375,17.582901000976562,152.0,72.0,234.0,0.0,0.00390625,23.0,5072,0.3095703125,0
IMG_8747 resized_448.jpg,448,448,162.481201171875,23.686147689819336,166.0,77.0,246.0,0.0,0.02960205078125,29.0,4532,0.276611328125,0
IMG_8748 resized_448.jpg,448,448,147.9954833984375,21.29933738708496,146.0,67.0,248.0,0.0,0.01824951171875,26.0,5878,0.3587646484375,0
IMG_8749 resized_448.jpg,448,448,156.0159912109375,18.18007469177246,154.0,92.0,246.0,0.0,0.019287109375,23.0,5459,0.33319091796875,0
IMG_8750 resized_448.jpg,448,448,159.40924072265625,18.35210418701172,157.0,103.0,248.0,0.0,0.02923583984375,23.0,5593,0.34136962890625,0
IMG_8751 resized_448.jpg,448,448,157.24212646484375,17.495641708374023,156.0,75.0,249.0,0.0,0.01800537109375,21.0,5392,0.3291015625,0
IMG_8752 resized_448.jpg,448,448,156.05255126953125,18.284404754638672,155.0,67.0,244.0,0.0,0.0179443359375,23.0,5370,0.3277587890625,0
IMG_8753 resized_448.jpg,448,448,158.14666748046875,21.265296936035156,156.0,79.0,253.0,0.0,0.0399169921875,27.0,5901,0.36016845703125,0
IMG_8754 resized_448.jpg,448,448,162.0728759765625,18.720596313476562,160.0,62.0,250.0,0.0,0.03582763671875,22.0,5710,0.3485107421875,0
IMG_8755 resized_448.jpg,448,448,149.6253662109375,21.325929641723633,148.0,78.0,245.0,0.0,0.02178955078125,27.0,5783,0.35296630859375,0
IMG_8756 resized_448.jpg,448,448,150.93017578125,21.596284866333008,148.0,84.0,251.0,0.0,0.0284423828125,27.0,5734,0.3499755859375,0
IMG_8757 resized_448.jpg,448,448,150.32757568359375,21.18250846862793,148.0,76.0,249.0,0.0,0.02734375,25.0,6033,0.36822509765625,0
IMG_8758 resized_448.jpg,448,448,155.26580810546875,18.973203659057617,153.0,80.0,249.0,0.0,0.02349853515625,23.0,5779,0.35272216796875,0
IMG_8759 resized_448.jpg,448,448,169.04071044921875,14.144535064697266,168.0,99.0,244.0,0.0,0.02056884765625,18.0,4504,0.27490234375,0
IMG_8760 resized_448.jpg,448,448,169.42694091796875,14.55377197265625,169.0,106.0,246.0,0.0,0.02618408203125,18.0,4682,0.2857666015625,0
IMG_8761 resized_448.jpg,448,448,168.90216064453125,14.806528091430664,167.0,108.0,247.0,0.0,0.03143310546875,18.0,4697,0.28668212890625,0
IMG_8762 resized_448.jpg,448,448,166.06378173828125,15.705116271972656,164.0,109.0,243.0,0.0,0.0321044921875,20.0,4666,0.2847900390625,0
IMG_8763 resized_448.jpg,448,448,173.46466064453125,14.901174545288086,172.0,114.0,246.0,0.0,0.0482177734375,19.0,4213,0.25714111328125,0
IMG_8764 resized_448.jpg,448,448,174.59954833984375,13.847857475280762,174.0,119.0,240.0,0.0,0.0428466796875,18.0,4233,0.25836181640625,0
IMG_8765 resized_448.jpg,448,448,170.494873046875,14.037724494934082,169.0,115.0,244.0,0.0,0.0333251953125,17.0,4253,0.25958251953125,0
IMG_8766 resized_448.jpg,448,448,172.87445068359375,15.462287902832031,171.0,115.0,247.0,0.0,0.04986572265625,18.0,3938,0.2403564453125,0
IMG_8767 resized_448.jpg,448,448,169.92041015625,15.42997932434082,168.0,114.0,244.0,0.0,0.03851318359375,18.0,4227,0.25799560546875,0
IMG_8768 resized_448.jpg,448,448,133.5264892578125,23.606647491455078,132.0,56.0,247.0,0.0,0.00860595703125,30.0,6026,0.3677978515625,0
IMG_8769 resized_448.jpg,448,448,131.656494140625,22.781936645507812,128.0,70.0,250.0,0.0,0.0106201171875,28.0,6005,0.36651611328125,0
IMG_8770 resized_448.jpg,448,448,142.9432373046875,21.52989959716797,140.0,76.0,253.0,0.0,0.01446533203125,27.0,5963,0.36395263671875,0
IMG_8771 resized_448.jpg,448,448,151.4639892578125,21.900609970092773,149.0,87.0,252.0,0.0,0.0269775390625,28.0,6150,0.3753662109375,0
IMG_8772 resized_448.jpg,448,448,158.3565673828125,23.69409942626953,157.0,91.0,252.0,0.0,0.044677734375,33.0,6015,0.36712646484375,0
IMG_8773 resized_448.jpg,448,448,168.7530517578125,23.936552047729492,167.0,92.0,253.0,0.0,0.104736328125,33.0,5933,0.36212158203125,0
IMG_8774 resized_448.jpg,448,448,168.03973388671875,15.85323715209961,168.0,110.0,251.0,0.0,0.02410888671875,20.0,4503,0.27484130859375,0
IMG_8775 resized_448.jpg,448,448,170.84197998046875,15.325078964233398,171.0,109.0,245.0,0.0,0.0308837890625,19.0,4501,0.27471923828125,0
IMG_8776 resized_448.jpg,448,448,169.508056640625,18.610681533813477,168.0,64.0,249.0,0.0,0.05926513671875,22.0,5610,0.3424072265625,0
IMG_8777 resized_448.jpg,448,448,166.97027587890625,15.352460861206055,167.0,87.0,241.0,0.0,0.0177001953125,20.0,4931,0.30096435546875,0
IMG_8778 resized_448.jpg,448,448,165.1551513671875,15.899210929870605,165.0,105.0,239.0,0.0,0.01727294921875,20.0,4756,0.290283203125,0
IMG_8779 resized_448.jpg,448,448,129.53106689453125,14.101988792419434,130.0,77.0,217.0,0.0,0.000244140625,17.0,4428,0.270263671875,0
IMG_8781 resized_448.jpg,448,448,171.80572509765625,15.393648147583008,172.0,120.0,244.0,0.0,0.03228759765625,21.0,4627,0.28240966796875,0
IMG_8784 resized_448.jpg,448,448,151.5869140625,26.145448684692383,149.0,77.0,250.0,0.0,0.04669189453125,35.0,6095,0.37200927734375,0
IMG_8785 resized_448.jpg,448,448,156.6373291015625,24.750699996948242,155.0,66.0,252.0,0.0,0.05035400390625,30.0,5994,0.3658447265625,0
IMG_8786 resized_448.jpg,448,448,155.84014892578125,24.418804168701172,155.0,49.0,250.0,6.103515625e-05,0.0394287109375,29.0,5967,0.36419677734375,0
IMG_8787 resized_448.jpg,448,448,159.5118408203125,12.712969779968262,160.0,116.0,226.0,0.0,0.0020751953125,17.0,3732,0.227783203125,0
IMG_8788 resized_448.jpg,448,448,160.8114013671875,13.347201347351074,161.0,118.0,228.0,0.0,0.0042724609375,17.0,3768,0.22998046875,0
IMG_8789 resized_448.jpg,448,448,167.405517578125,13.844644546508789,168.0,108.0,228.0,0.0,0.01080322265625,18.0,3721,0.22711181640625,0
IMG_8790 resized_448.jpg,448,448,172.86834716796875,13.969328880310059,174.0,113.0,234.0,0.0,0.0167236328125,18.0,2780,0.169677734375,0
IMG_8791 resized_448.jpg,448,448,172.1727294921875,14.676681518554688,173.0,114.0,234.0,0.0,0.02587890625,19.0,3159,0.19281005859375,0
IMG_8792 resized_448.jpg,448,448,167.7923583984375,15.025843620300293,168.0,104.0,236.0,0.0,0.01409912109375,20.0,3679,0.22454833984375,0
IMG_8793 resized_448.jpg,448,448,169.97314453125,16.290281295776367,172.0,107.0,229.0,0.0,0.01904296875,21.0,3138,0.1915283203125,0
IMG_8794 resized_448.jpg,448,448,177.29913330078125,11.40990161895752,177.0,97.0,241.0,0.0,0.02105712890625,15.0,1857,0.11334228515625,0
IMG_8795 resized_448.jpg,448,448,180.8175048828125,10.695499420166016,181.0,111.0,249.0,0.0,0.035888671875,13.0,1922,0.1173095703125,0
IMG_8796 resized_448.jpg,448,448,169.90386962890625,11.132962226867676,169.0,121.0,228.0,0.0,0.0086669921875,15.0,2138,0.1304931640625,0
IMG_8798 resized_448.jpg,448,448,169.01513671875,13.891535758972168,169.0,117.0,222.0,0.0,0.00689697265625,20.0,1474,0.0899658203125,0
IMG_8799 resized_448.jpg,448,448,162.813232421875,13.582027435302734,162.0,114.0,216.0,0.0,0.001953125,19.0,1704,0.10400390625,0
IMG_8800 resized_448.jpg,448,448,161.70587158203125,13.690744400024414,161.0,109.0,221.0,0.0,0.00177001953125,19.0,1926,0.1175537109375,0
IMG_8801 resized_448.jpg,448,448,166.08087158203125,14.147201538085938,165.0,119.0,231.0,0.0,0.00762939453125,20.0,2479,0.15130615234375,0
IMG_8802 resized_448.jpg,448,448,167.43792724609375,13.549521446228027,167.0,115.0,219.0,0.0,0.00799560546875,18.0,2480,0.1513671875,0
IMG_8803 resized_448.jpg,448,448,164.5574951171875,13.149232864379883,164.0,119.0,217.0,0.0,0.00299072265625,17.0,1850,0.1129150390625,0
IMG_8804 resized_448.jpg,448,448,165.42010498046875,13.405206680297852,165.0,119.0,223.0,0.0,0.00732421875,18.0,2652,0.161865234375,0
IMG_8805 resized_448.jpg,448,448,172.92828369140625,12.933117866516113,173.0,124.0,229.0,0.0,0.0206298828125,17.0,2609,0.15924072265625,0
IMG_8806 resized_448.jpg,448,448,171.94610595703125,12.802109718322754,172.0,119.0,220.0,0.0,0.00921630859375,18.0,2353,0.14361572265625,0
IMG_8807 resized_448.jpg,448,448,170.91107177734375,13.91396713256836,171.0,109.0,221.0,0.0,0.0150146484375,20.0,2801,0.17095947265625,0
IMG_8808 resized_448.jpg,448,448,170.08013916015625,14.62509536743164,170.0,99.0,241.0,0.0,0.01373291015625,19.0,1902,0.1160888671875,0
IMG_8809 resized_448.jpg,448,448,166.35797119140625,13.314529418945312,166.0,118.0,218.0,0.0,0.00445556640625,19.0,1736,0.10595703125,0
IMG_8810 resized_448.jpg,448,448,163.87652587890625,13.631796836853027,164.0,108.0,223.0,0.0,0.0020751953125,20.0,1826,0.1114501953125,0
IMG_8811 resized_448.jpg,448,448,165.58160400390625,14.352995872497559,165.5,114.0,221.0,0.0,0.00494384765625,20.0,2208,0.134765625,0
IMG_8812 resized_448.jpg,448,448,173.8966064453125,14.317997932434082,174.0,115.0,230.0,0.0,0.02960205078125,20.0,2596,0.158447265625,0
IMG_8813 resized_448.jpg,448,448,172.41473388671875,13.23032283782959,172.0,120.0,223.0,0.0,0.0142822265625,19.0,2080,0.126953125,0
IMG_8814 resized_448.jpg,448,448,173.591552734375,13.298822402954102,174.0,119.0,226.0,0.0,0.02081298828125,19.0,2758,0.1683349609375,0
IMG_8815 resized_448.jpg,448,448,160.705810546875,12.339016914367676,160.0,112.0,223.0,0.0,0.0015869140625,17.0,3285,0.20050048828125,0
IMG_8816 resized_448.jpg,448,448,160.5751953125,12.210128784179688,160.0,112.0,222.0,0.0,0.00250244140625,16.0,3324,0.202880859375,0
IMG_8817 resized_448.jpg,448,448,161.07012939453125,12.004776000976562,161.0,112.0,221.0,0.0,0.0023193359375,16.0,3487,0.21282958984375,0
IMG_8818 resized_448.jpg,448,448,174.13616943359375,11.683904647827148,174.0,122.0,237.0,0.0,0.0162353515625,16.0,3456,0.2109375,0
IMG_8819 resized_448.jpg,448,448,177.0634765625,12.350071907043457,177.0,124.0,242.0,0.0,0.0338134765625,16.0,3423,0.20892333984375,0
IMG_8820 resized_448.jpg,448,448,170.0499267578125,11.902765274047852,170.0,117.0,232.0,0.0,0.007080078125,16.0,2962,0.1807861328125,0
IMG_8821 resized_448.jpg,448,448,170.1201171875,12.251667976379395,170.0,118.0,233.0,0.0,0.0087890625,16.0,3016,0.18408203125,0
IMG_8822 resized_448.jpg,448,448,170.828857421875,12.284828186035156,171.0,115.0,238.0,0.0,0.01068115234375,16.0,3143,0.19183349609375,0
IMG_8823 resized_448.jpg,448,448,170.7235107421875,12.614270210266113,171.0,114.0,233.0,0.0,0.0108642578125,17.0,3073,0.18756103515625,0
IMG_8824 resized_448.jpg,448,448,167.020263671875,11.93282413482666,167.0,117.0,229.0,0.0,0.0040283203125,16.0,2157,0.13165283203125,0
IMG_8825 resized_448.jpg,448,448,165.06170654296875,11.997966766357422,165.0,113.0,225.0,0.0,0.00286865234375,16.0,2365,0.14434814453125,0
